step = 0, time = 0.000000
        region     x          y          z       charge      i  local global collec
2419  C   QM    500.3900   500.0700   498.3300   0.000       0   2419   2419      0
2420  O   QM    499.5300   499.2600   498.6900   0.000       1   2420   2420      1
2421  O   QM    501.6300   500.0600   498.7800   0.000       2   2421   2421      2
2430  H   QM    501.7300   499.3800   499.6700   0.000       3   2430   2430      3
2438  C   QM    502.9800   498.3200   501.1700   0.000       4   2438   2438      4
2439  O   QM    501.7900   498.5500   500.7300   0.000       5   2439   2439      5
2440  O   QM    503.9500   499.0800   500.9400   0.000       6   2440   2440      6
   0  O   MM    496.3000   507.6800   515.2700  -0.834       0      0      0      0
   1  H   MM    495.3500   507.5200   515.2200   0.417       1      1      1      1
   2  H   MM    496.6500   506.8800   515.6500   0.417       2      2      2      2
   3  O   MM    512.5700   508.3700   502.1000  -0.834       3      3      3      3
   4  H   MM    513.0500   508.9000   501.4700   0.417       4      4      4      4
   5  H   MM    513.1800   508.2500   502.8200   0.417       5      5      5      5
   6  O   MM    507.1900   488.5100   495.9900  -0.834       6      6      6      6
   7  H   MM    507.4800   487.6800   495.6100   0.417       7      7      7      7
   8  H   MM    507.1100   488.3300   496.9300   0.417       8      8      8      8
   9  O   MM    499.2800   511.9900   498.6600  -0.834       9      9      9      9
  10  H   MM    499.8700   512.7400   498.7500   0.417      10     10     10     10
  11  H   MM    499.8100   511.3200   498.2400   0.417      11     11     11     11
  12  O   MM    488.4100   487.6900   496.3800  -0.834      12     12     12     12
  13  H   MM    488.3700   488.1200   495.5300   0.417      13     13     13     13
  14  H   MM    487.5400   487.8300   496.7600   0.417      14     14     14     14
  15  O   MM    497.5500   512.9300   503.8900  -0.834      15     15     15     15
  16  H   MM    496.7000   513.0900   503.4900   0.417      16     16     16     16
  17  H   MM    497.4700   512.0700   504.3000   0.417      17     17     17     17
  18  O   MM    494.5000   496.4600   502.6300  -0.834      18     18     18     18
  19  H   MM    494.1300   495.9500   501.9100   0.417      19     19     19     19
  20  H   MM    494.3500   497.3700   502.3800   0.417      20     20     20     20
  21  O   MM    495.0100   509.0100   490.4900  -0.834      21     21     21     21
  22  H   MM    495.1800   509.9200   490.7300   0.417      22     22     22     22
  23  H   MM    495.7700   508.5300   490.7900   0.417      23     23     23     23
  24  O   MM    509.7800   506.4000   494.3700  -0.834      24     24     24     24
  25  H   MM    509.4500   507.1100   494.9300   0.417      25     25     25     25
  26  H   MM    509.2100   506.4200   493.6000   0.417      26     26     26     26
  27  O   MM    501.9100   498.0800   513.5500  -0.834      27     27     27     27
  28  H   MM    502.3100   498.7700   513.0300   0.417      28     28     28     28
  29  H   MM    501.3900   498.5500   514.2100   0.417      29     29     29     29
  30  O   MM    489.3800   505.0900   500.4200  -0.834      30     30     30     30
  31  H   MM    488.9000   505.4400   499.6700   0.417      31     31     31     31
  32  H   MM    490.2700   504.9500   500.1000   0.417      32     32     32     32
  33  O   MM    484.8800   499.2000   491.6300  -0.834      33     33     33     33
  34  H   MM    484.9100   499.6400   492.4800   0.417      34     34     34     34
  35  H   MM    485.4200   498.4100   491.7500   0.417      35     35     35     35
  36  O   MM    495.8300   493.1000   507.0900  -0.834      36     36     36     36
  37  H   MM    495.4000   492.2500   507.1900   0.417      37     37     37     37
  38  H   MM    495.1900   493.6200   506.6000   0.417      38     38     38     38
  39  O   MM    485.4400   493.0800   495.1100  -0.834      39     39     39     39
  40  H   MM    485.1600   493.9900   495.0300   0.417      40     40     40     40
  41  H   MM    485.8100   492.8600   494.2600   0.417      41     41     41     41
  42  O   MM    491.4500   486.6500   506.3600  -0.834      42     42     42     42
  43  H   MM    491.9100   486.8800   507.1600   0.417      43     43     43     43
  44  H   MM    492.0100   486.0200   505.9200   0.417      44     44     44     44
  45  O   MM    497.4300   511.9000   488.8000  -0.834      45     45     45     45
  46  H   MM    496.6700   511.5200   488.3700   0.417      46     46     46     46
  47  H   MM    498.1300   511.8300   488.1500   0.417      47     47     47     47
  48  O   MM    506.6000   494.4300   513.1500  -0.834      48     48     48     48
  49  H   MM    507.2500   493.8700   512.7200   0.417      49     49     49     49
  50  H   MM    505.8300   493.8800   513.2500   0.417      50     50     50     50
  51  O   MM    496.4500   509.3800   509.5200  -0.834      51     51     51     51
  52  H   MM    497.2900   509.8500   509.5300   0.417      52     52     52     52
  53  H   MM    495.9600   509.7500   510.2500   0.417      53     53     53     53
  54  O   MM    504.3000   500.6400   497.5100  -0.834      54     54     54     54
  55  H   MM    503.4800   500.3900   497.9300   0.417      55     55     55     55
  56  H   MM    504.0500   500.9700   496.6500   0.417      56     56     56     56
  57  O   MM    495.3600   500.3900   513.7500  -0.834      57     57     57     57
  58  H   MM    494.6200   500.2100   513.1800   0.417      58     58     58     58
  59  H   MM    495.9000   499.6000   513.7000   0.417      59     59     59     59
  60  O   MM    499.7900   509.8600   511.6400  -0.834      60     60     60     60
  61  H   MM    499.3400   509.0900   511.9900   0.417      61     61     61     61
  62  H   MM    500.6100   509.9000   512.1200   0.417      62     62     62     62
  63  O   MM    494.5300   508.6100   496.5600  -0.834      63     63     63     63
  64  H   MM    493.9900   509.2100   496.0600   0.417      64     64     64     64
  65  H   MM    493.9400   508.2600   497.2300   0.417      65     65     65     65
  66  O   MM    505.2900   487.2600   489.9800  -0.834      66     66     66     66
  67  H   MM    505.0200   486.6300   490.6500   0.417      67     67     67     67
  68  H   MM    506.2300   487.3700   490.1200   0.417      68     68     68     68
  69  O   MM    503.6700   500.5900   516.1400  -0.834      69     69     69     69
  70  H   MM    503.8400   499.7000   515.8200   0.417      70     70     70     70
  71  H   MM    504.0500   501.1600   515.4700   0.417      71     71     71     71
  72  O   MM    502.3700   484.9500   496.5800  -0.834      72     72     72     72
  73  H   MM    501.6100   485.5100   496.7600   0.417      73     73     73     73
  74  H   MM    503.1100   485.4300   496.9600   0.417      74     74     74     74
  75  O   MM    493.3200   506.4400   514.2100  -0.834      75     75     75     75
  76  H   MM    493.7100   506.0600   513.4300   0.417      76     76     76     76
  77  H   MM    492.4100   506.6300   513.9600   0.417      77     77     77     77
  78  O   MM    496.2800   502.1100   487.7000  -0.834      78     78     78     78
  79  H   MM    495.4300   501.7500   487.4800   0.417      79     79     79     79
  80  H   MM    496.7400   501.4100   488.1600   0.417      80     80     80     80
  81  O   MM    496.8000   498.1400   508.9800  -0.834      81     81     81     81
  82  H   MM    497.4400   498.7800   509.3000   0.417      82     82     82     82
  83  H   MM    497.0600   497.3200   509.4200   0.417      83     83     83     83
  84  O   MM    514.6800   500.7800   495.4100  -0.834      84     84     84     84
  85  H   MM    515.4100   500.4800   495.9400   0.417      85     85     85     85
  86  H   MM    515.0800   501.2200   494.6600   0.417      86     86     86     86
  87  O   MM    503.1500   501.8300   484.7000  -0.834      87     87     87     87
  88  H   MM    503.7300   502.4400   484.2500   0.417      88     88     88     88
  89  H   MM    502.9700   501.1400   484.0600   0.417      89     89     89     89
  90  O   MM    500.5100   515.7000   491.9700  -0.834      90     90     90     90
  91  H   MM    499.8500   515.8100   491.2900   0.417      91     91     91     91
  92  H   MM    500.7000   514.7600   491.9800   0.417      92     92     92     92
  93  O   MM    500.4400   507.7100   515.1400  -0.834      93     93     93     93
  94  H   MM    501.1400   508.3500   515.0200   0.417      94     94     94     94
  95  H   MM    499.7000   508.2300   515.4500   0.417      95     95     95     95
  96  O   MM    508.8300   508.5200   498.4100  -0.834      96     96     96     96
  97  H   MM    509.0800   507.6100   498.2600   0.417      97     97     97     97
  98  H   MM    509.6400   508.9600   498.6300   0.417      98     98     98     98
  99  O   MM    496.3300   492.3800   498.0000  -0.834      99     99     99     99
 100  H   MM    497.1900   492.7500   497.8500   0.417     100    100    100    100
 101  H   MM    495.7500   493.1300   498.1200   0.417     101    101    101    101
 102  O   MM    504.7800   490.0200   489.0100  -0.834     102    102    102    102
 103  H   MM    505.6900   490.2600   488.8400   0.417     103    103    103    103
 104  H   MM    504.8100   489.1200   489.3200   0.417     104    104    104    104
 105  O   MM    490.7000   503.3200   513.0900  -0.834     105    105    105    105
 106  H   MM    491.3300   503.3500   512.3800   0.417     106    106    106    106
 107  H   MM    491.2300   503.1700   513.8800   0.417     107    107    107    107
 108  O   MM    491.2000   496.8900   498.3400  -0.834     108    108    108    108
 109  H   MM    491.4700   495.9900   498.1300   0.417     109    109    109    109
 110  H   MM    491.7800   497.1500   499.0500   0.417     110    110    110    110
 111  O   MM    503.6300   513.4600   510.0100  -0.834     111    111    111    111
 112  H   MM    504.1000   513.0000   510.7000   0.417     112    112    112    112
 113  H   MM    502.7400   513.5400   510.3500   0.417     113    113    113    113
 114  O   MM    484.0300   504.7700   505.7500  -0.834     114    114    114    114
 115  H   MM    483.9500   505.5400   505.1800   0.417     115    115    115    115
 116  H   MM    483.6700   504.0500   505.2300   0.417     116    116    116    116
 117  O   MM    501.9200   483.2300   494.1900  -0.834     117    117    117    117
 118  H   MM    501.2100   482.6100   494.3700   0.417     118    118    118    118
 119  H   MM    502.1000   483.6400   495.0400   0.417     119    119    119    119
 120  O   MM    510.5000   489.2600   495.6300  -0.834     120    120    120    120
 121  H   MM    510.1400   489.9600   496.1600   0.417     121    121    121    121
 122  H   MM    510.4500   488.4800   496.1900   0.417     122    122    122    122
 123  O   MM    496.4700   516.3300   499.5200  -0.834     123    123    123    123
 124  H   MM    497.0300   516.1900   498.7600   0.417     124    124    124    124
 125  H   MM    495.9900   515.5100   499.6300   0.417     125    125    125    125
 126  O   MM    495.9300   498.9900   487.1400  -0.834     126    126    126    126
 127  H   MM    496.5200   499.1200   486.4000   0.417     127    127    127    127
 128  H   MM    495.2100   499.6000   486.9800   0.417     128    128    128    128
 129  O   MM    506.5400   488.1300   498.7100  -0.834     129    129    129    129
 130  H   MM    506.5300   489.0800   498.8200   0.417     130    130    130    130
 131  H   MM    505.9600   487.8000   499.4000   0.417     131    131    131    131
 132  O   MM    506.8000   510.2600   488.5800  -0.834     132    132    132    132
 133  H   MM    507.0100   509.4400   488.1300   0.417     133    133    133    133
 134  H   MM    506.3600   510.7900   487.9300   0.417     134    134    134    134
 135  O   MM    493.0300   510.6300   495.3000  -0.834     135    135    135    135
 136  H   MM    493.2400   511.5600   495.3700   0.417     136    136    136    136
 137  H   MM    492.5000   510.5700   494.5000   0.417     137    137    137    137
 138  O   MM    517.0000   499.2600   500.7300  -0.834     138    138    138    138
 139  H   MM    517.9500   499.1300   500.7500   0.417     139    139    139    139
 140  H   MM    516.8800   500.0800   500.2500   0.417     140    140    140    140
 141  O   MM    492.1200   490.2300   498.1100  -0.834     141    141    141    141
 142  H   MM    491.4300   489.5700   498.1600   0.417     142    142    142    142
 143  H   MM    492.9200   489.7200   498.0100   0.417     143    143    143    143
 144  O   MM    501.5200   498.6600   488.0700  -0.834     144    144    144    144
 145  H   MM    502.4300   498.8000   488.3500   0.417     145    145    145    145
 146  H   MM    501.5900   498.2800   487.1900   0.417     146    146    146    146
 147  O   MM    483.7600   495.1500   499.3500  -0.834     147    147    147    147
 148  H   MM    483.7500   494.3900   498.7600   0.417     148    148    148    148
 149  H   MM    484.4200   494.9400   500.0000   0.417     149    149    149    149
 150  O   MM    500.4000   498.7900   484.9300  -0.834     150    150    150    150
 151  H   MM    501.2200   498.3200   484.7800   0.417     151    151    151    151
 152  H   MM    500.2600   499.3000   484.1300   0.417     152    152    152    152
 153  O   MM    506.6700   498.4900   496.5400  -0.834     153    153    153    153
 154  H   MM    506.1800   499.2900   496.7200   0.417     154    154    154    154
 155  H   MM    506.2300   497.8200   497.0700   0.417     155    155    155    155
 156  O   MM    504.9900   499.8800   506.0600  -0.834     156    156    156    156
 157  H   MM    504.6400   499.4000   506.8200   0.417     157    157    157    157
 158  H   MM    504.2200   500.2500   505.6400   0.417     158    158    158    158
 159  O   MM    507.4400   501.0700   506.4900  -0.834     159    159    159    159
 160  H   MM    506.6400   500.6000   506.2600   0.417     160    160    160    160
 161  H   MM    507.8900   501.2000   505.6600   0.417     161    161    161    161
 162  O   MM    503.9600   509.9600   495.1800  -0.834     162    162    162    162
 163  H   MM    503.7200   510.1600   494.2800   0.417     163    163    163    163
 164  H   MM    504.4500   510.7300   495.4700   0.417     164    164    164    164
 165  O   MM    486.0300   494.9600   491.4200  -0.834     165    165    165    165
 166  H   MM    486.6100   495.7300   491.4200   0.417     166    166    166    166
 167  H   MM    485.1900   495.2900   491.1000   0.417     167    167    167    167
 168  O   MM    507.9500   490.1700   492.6900  -0.834     168    168    168    168
 169  H   MM    507.1500   489.8600   492.2600   0.417     169    169    169    169
 170  H   MM    508.4300   489.3700   492.9200   0.417     170    170    170    170
 171  O   MM    506.5000   492.6100   515.6600  -0.834     171    171    171    171
 172  H   MM    505.9000   492.4000   514.9400   0.417     172    172    172    172
 173  H   MM    506.6800   493.5400   515.5500   0.417     173    173    173    173
 174  O   MM    486.1000   501.3400   490.3400  -0.834     174    174    174    174
 175  H   MM    485.4600   500.6700   490.5700   0.417     175    175    175    175
 176  H   MM    485.5800   502.0900   490.0600   0.417     176    176    176    176
 177  O   MM    504.3300   486.6700   503.0600  -0.834     177    177    177    177
 178  H   MM    504.0800   487.0100   503.9200   0.417     178    178    178    178
 179  H   MM    504.7900   485.8600   503.2400   0.417     179    179    179    179
 180  O   MM    514.7200   497.5900   508.6500  -0.834     180    180    180    180
 181  H   MM    514.2300   497.2600   509.4100   0.417     181    181    181    181
 182  H   MM    514.9700   496.8000   508.1700   0.417     182    182    182    182
 183  O   MM    506.7000   487.4300   507.1600  -0.834     183    183    183    183
 184  H   MM    506.1900   488.1600   507.5100   0.417     184    184    184    184
 185  H   MM    507.1300   487.7800   506.3900   0.417     185    185    185    185
 186  O   MM    508.6900   507.4100   490.7300  -0.834     186    186    186    186
 187  H   MM    509.3900   507.1900   490.1100   0.417     187    187    187    187
 188  H   MM    508.7900   508.3500   490.8800   0.417     188    188    188    188
 189  O   MM    494.7000   511.4000   505.8300  -0.834     189    189    189    189
 190  H   MM    494.3900   510.6900   505.2700   0.417     190    190    190    190
 191  H   MM    495.6400   511.2500   505.9000   0.417     191    191    191    191
 192  O   MM    494.0000   495.0000   514.9100  -0.834     192    192    192    192
 193  H   MM    493.2400   494.5400   514.5600   0.417     193    193    193    193
 194  H   MM    494.5400   494.3100   515.2900   0.417     194    194    194    194
 195  O   MM    491.3900   506.5100   495.9600  -0.834     195    195    195    195
 196  H   MM    490.9500   507.2000   495.4700   0.417     196    196    196    196
 197  H   MM    492.0500   506.1700   495.3500   0.417     197    197    197    197
 198  O   MM    507.6500   488.6700   505.0000  -0.834     198    198    198    198
 199  H   MM    507.0700   488.8100   504.2500   0.417     199    199    199    199
 200  H   MM    508.4700   489.0900   504.7500   0.417     200    200    200    200
 201  O   MM    484.6400   497.0200   494.0300  -0.834     201    201    201    201
 202  H   MM    483.8300   497.3700   493.6500   0.417     202    202    202    202
 203  H   MM    484.4100   496.8000   494.9300   0.417     203    203    203    203
 204  O   MM    508.0000   496.0900   492.3600  -0.834     204    204    204    204
 205  H   MM    508.2600   496.8100   492.9300   0.417     205    205    205    205
 206  H   MM    507.1500   496.3600   492.0100   0.417     206    206    206    206
 207  O   MM    499.1800   487.1300   511.5400  -0.834     207    207    207    207
 208  H   MM    498.9800   486.5000   510.8500   0.417     208    208    208    208
 209  H   MM    498.9000   487.9700   511.1800   0.417     209    209    209    209
 210  O   MM    509.4000   488.5800   502.5100  -0.834     210    210    210    210
 211  H   MM    508.8400   487.8700   502.2300   0.417     211    211    211    211
 212  H   MM    510.1900   488.4900   501.9800   0.417     212    212    212    212
 213  O   MM    505.2600   495.7400   504.5000  -0.834     213    213    213    213
 214  H   MM    505.4000   495.7700   505.4500   0.417     214    214    214    214
 215  H   MM    504.5200   495.1400   504.3800   0.417     215    215    215    215
 216  O   MM    506.8700   493.5900   493.1800  -0.834     216    216    216    216
 217  H   MM    507.2800   494.4600   493.1200   0.417     217    217    217    217
 218  H   MM    507.5500   493.0200   493.5300   0.417     218    218    218    218
 219  O   MM    498.7800   507.2400   512.4300  -0.834     219    219    219    219
 220  H   MM    499.7000   507.0300   512.6200   0.417     220    220    220    220
 221  H   MM    498.2800   506.7800   513.1000   0.417     221    221    221    221
 222  O   MM    497.6000   490.4700   492.6400  -0.834     222    222    222    222
 223  H   MM    497.0200   489.9600   493.2000   0.417     223    223    223    223
 224  H   MM    497.9200   489.8500   491.9900   0.417     224    224    224    224
 225  O   MM    502.4900   512.6400   504.9600  -0.834     225    225    225    225
 226  H   MM    502.8000   512.8400   504.0800   0.417     226    226    226    226
 227  H   MM    501.6500   513.1000   505.0400   0.417     227    227    227    227
 228  O   MM    490.4600   500.6100   505.4600  -0.834     228    228    228    228
 229  H   MM    489.9700   499.7900   505.5000   0.417     229    229    229    229
 230  H   MM    489.8600   501.2700   505.7900   0.417     230    230    230    230
 231  O   MM    497.9700   500.0800   488.8500  -0.834     231    231    231    231
 232  H   MM    497.4300   499.3600   488.5100   0.417     232    232    232    232
 233  H   MM    498.5400   500.3100   488.1300   0.417     233    233    233    233
 234  O   MM    497.3900   516.9100   504.5700  -0.834     234    234    234    234
 235  H   MM    497.1400   517.0100   505.4900   0.417     235    235    235    235
 236  H   MM    498.3400   516.8600   504.5900   0.417     236    236    236    236
 237  O   MM    501.3200   497.2800   505.1700  -0.834     237    237    237    237
 238  H   MM    501.4900   496.5700   505.7900   0.417     238    238    238    238
 239  H   MM    500.4600   497.6200   505.4300   0.417     239    239    239    239
 240  O   MM    495.3200   487.1200   509.6000  -0.834     240    240    240    240
 241  H   MM    494.4200   486.9800   509.3000   0.417     241    241    241    241
 242  H   MM    495.8200   487.2100   508.7900   0.417     242    242    242    242
 243  O   MM    511.9200   489.3100   506.3500  -0.834     243    243    243    243
 244  H   MM    512.4500   490.0400   506.6800   0.417     244    244    244    244
 245  H   MM    511.4800   488.9600   507.1200   0.417     245    245    245    245
 246  O   MM    504.4500   515.4700   503.3800  -0.834     246    246    246    246
 247  H   MM    503.8000   514.8300   503.1000   0.417     247    247    247    247
 248  H   MM    504.2000   515.7000   504.2700   0.417     248    248    248    248
 249  O   MM    496.7200   499.2800   502.4700  -0.834     249    249    249    249
 250  H   MM    495.7800   499.3800   502.3400   0.417     250    250    250    250
 251  H   MM    497.1300   499.8400   501.8100   0.417     251    251    251    251
 252  O   MM    497.6700   513.0700   510.6100  -0.834     252    252    252    252
 253  H   MM    497.5000   512.8200   511.5200   0.417     253    253    253    253
 254  H   MM    496.8000   513.2300   510.2400   0.417     254    254    254    254
 255  O   MM    504.8100   490.6600   506.0800  -0.834     255    255    255    255
 256  H   MM    504.4200   490.9700   506.9000   0.417     256    256    256    256
 257  H   MM    504.4300   489.7900   505.9500   0.417     257    257    257    257
 258  O   MM    503.1300   501.9000   509.4800  -0.834     258    258    258    258
 259  H   MM    502.8000   502.6500   508.9700   0.417     259    259    259    259
 260  H   MM    504.0600   501.8800   509.2900   0.417     260    260    260    260
 261  O   MM    490.9200   494.1900   502.2200  -0.834     261    261    261    261
 262  H   MM    491.3700   493.5400   502.7800   0.417     262    262    262    262
 263  H   MM    490.4500   494.7500   502.8400   0.417     263    263    263    263
 264  O   MM    500.2200   509.9300   497.1600  -0.834     264    264    264    264
 265  H   MM    500.1800   509.9300   496.2000   0.417     265    265    265    265
 266  H   MM    500.8600   509.2600   497.3700   0.417     266    266    266    266
 267  O   MM    491.4300   484.9100   501.2900  -0.834     267    267    267    267
 268  H   MM    490.7900   484.2000   501.3300   0.417     268    268    268    268
 269  H   MM    491.5100   485.1100   500.3600   0.417     269    269    269    269
 270  O   MM    499.4800   508.8000   504.8700  -0.834     270    270    270    270
 271  H   MM    499.8500   509.4700   505.4400   0.417     271    271    271    271
 272  H   MM    499.8000   509.0200   504.0000   0.417     272    272    272    272
 273  O   MM    485.5600   493.2800   505.7300  -0.834     273    273    273    273
 274  H   MM    484.8800   493.8500   506.0800   0.417     274    274    274    274
 275  H   MM    485.0900   492.5300   505.3700   0.417     275    275    275    275
 276  O   MM    512.8900   495.5100   498.6400  -0.834     276    276    276    276
 277  H   MM    512.2200   495.9500   499.1700   0.417     277    277    277    277
 278  H   MM    512.4900   495.4100   497.7800   0.417     278    278    278    278
 279  O   MM    506.6700   513.7200   490.8000  -0.834     279    279    279    279
 280  H   MM    507.5100   513.2700   490.8500   0.417     280    280    280    280
 281  H   MM    506.6300   514.2200   491.6100   0.417     281    281    281    281
 282  O   MM    513.4100   509.5100   494.9100  -0.834     282    282    282    282
 283  H   MM    514.1500   509.8600   495.4100   0.417     283    283    283    283
 284  H   MM    512.9200   508.9800   495.5400   0.417     284    284    284    284
 285  O   MM    506.1800   506.0700   515.4000  -0.834     285    285    285    285
 286  H   MM    505.8500   506.4400   514.5800   0.417     286    286    286    286
 287  H   MM    507.0900   506.3600   515.4500   0.417     287    287    287    287
 288  O   MM    504.5600   506.1700   493.9200  -0.834     288    288    288    288
 289  H   MM    505.4100   506.3500   493.5300   0.417     289    289    289    289
 290  H   MM    504.6900   506.3000   494.8600   0.417     290    290    290    290
 291  O   MM    491.4800   510.0200   503.0300  -0.834     291    291    291    291
 292  H   MM    491.8400   510.4900   502.2700   0.417     292    292    292    292
 293  H   MM    491.3000   509.1400   502.7000   0.417     293    293    293    293
 294  O   MM    500.2500   509.9800   494.3700  -0.834     294    294    294    294
 295  H   MM    499.4800   510.0100   493.8000   0.417     295    295    295    295
 296  H   MM    500.8900   510.5400   493.9400   0.417     296    296    296    296
 297  O   MM    514.2200   505.3400   500.2900  -0.834     297    297    297    297
 298  H   MM    514.3900   505.7000   501.1500   0.417     298    298    298    298
 299  H   MM    514.1900   504.3900   500.4300   0.417     299    299    299    299
 300  O   MM    500.5100   514.4100   498.7600  -0.834     300    300    300    300
 301  H   MM    501.2000   515.0600   498.9000   0.417     301    301    301    301
 302  H   MM    499.7100   514.9300   498.6400   0.417     302    302    302    302
 303  O   MM    505.8600   502.6000   498.8600  -0.834     303    303    303    303
 304  H   MM    505.3000   503.1400   499.4100   0.417     304    304    304    304
 305  H   MM    505.3000   501.8800   498.5800   0.417     305    305    305    305
 306  O   MM    494.5700   505.8000   509.3500  -0.834     306    306    306    306
 307  H   MM    494.7100   506.2000   510.2100   0.417     307    307    307    307
 308  H   MM    494.9100   506.4400   508.7300   0.417     308    308    308    308
 309  O   MM    496.0300   503.3300   498.2700  -0.834     309    309    309    309
 310  H   MM    496.1400   504.2100   497.9100   0.417     310    310    310    310
 311  H   MM    495.5800   502.8400   497.5800   0.417     311    311    311    311
 312  O   MM    491.3100   512.9900   493.0700  -0.834     312    312    312    312
 313  H   MM    491.4200   513.5900   493.8100   0.417     313    313    313    313
 314  H   MM    491.9800   513.2600   492.4500   0.417     314    314    314    314
 315  O   MM    497.3600   505.2900   483.4700  -0.834     315    315    315    315
 316  H   MM    496.4500   505.5800   483.4700   0.417     316    316    316    316
 317  H   MM    497.4000   504.6400   484.1800   0.417     317    317    317    317
 318  O   MM    499.3300   509.9500   490.9800  -0.834     318    318    318    318
 319  H   MM    498.8800   510.3900   490.2700   0.417     319    319    319    319
 320  H   MM    500.2300   509.8700   490.6900   0.417     320    320    320    320
 321  O   MM    492.5800   486.8100   508.9600  -0.834     321    321    321    321
 322  H   MM    492.2600   487.5700   509.4500   0.417     322    322    322    322
 323  H   MM    492.1000   486.0700   509.3300   0.417     323    323    323    323
 324  O   MM    491.5100   489.3900   501.0100  -0.834     324    324    324    324
 325  H   MM    492.1700   488.8500   501.4600   0.417     325    325    325    325
 326  H   MM    492.0200   489.9800   500.4700   0.417     326    326    326    326
 327  O   MM    495.3400   505.7100   505.7000  -0.834     327    327    327    327
 328  H   MM    495.5800   505.9600   504.8100   0.417     328    328    328    328
 329  H   MM    495.4800   506.5000   506.2200   0.417     329    329    329    329
 330  O   MM    509.0600   510.3300   503.7700  -0.834     330    330    330    330
 331  H   MM    508.6600   509.8100   503.0800   0.417     331    331    331    331
 332  H   MM    509.2200   509.7100   504.4800   0.417     332    332    332    332
 333  O   MM    491.3400   509.8900   511.1100  -0.834     333    333    333    333
 334  H   MM    491.5900   509.0200   510.7800   0.417     334    334    334    334
 335  H   MM    490.5200   510.0900   510.6800   0.417     335    335    335    335
 336  O   MM    498.1100   496.5800   490.7300  -0.834     336    336    336    336
 337  H   MM    498.7700   497.0300   491.2500   0.417     337    337    337    337
 338  H   MM    498.3800   496.7400   489.8200   0.417     338    338    338    338
 339  O   MM    496.0300   489.7100   497.3700  -0.834     339    339    339    339
 340  H   MM    496.9100   489.6100   497.0000   0.417     340    340    340    340
 341  H   MM    495.9500   490.6500   497.5500   0.417     341    341    341    341
 342  O   MM    499.7400   500.3600   482.7400  -0.834     342    342    342    342
 343  H   MM    498.9500   499.8700   482.5200   0.417     343    343    343    343
 344  H   MM    499.4500   501.2600   482.8500   0.417     344    344    344    344
 345  O   MM    506.2800   499.7700   511.1600  -0.834     345    345    345    345
 346  H   MM    507.1600   500.1400   511.1600   0.417     346    346    346    346
 347  H   MM    506.2700   499.1900   511.9200   0.417     347    347    347    347
 348  O   MM    498.5200   497.5000   506.5500  -0.834     348    348    348    348
 349  H   MM    497.7700   497.5400   507.1500   0.417     349    349    349    349
 350  H   MM    498.4400   498.2800   506.0100   0.417     350    350    350    350
 351  O   MM    505.5400   496.5700   498.1300  -0.834     351    351    351    351
 352  H   MM    504.6600   496.7400   498.4600   0.417     352    352    352    352
 353  H   MM    505.9700   496.0700   498.8300   0.417     353    353    353    353
 354  O   MM    493.8200   501.6700   499.8300  -0.834     354    354    354    354
 355  H   MM    493.5600   501.1800   499.0500   0.417     355    355    355    355
 356  H   MM    493.1700   502.3700   499.9000   0.417     356    356    356    356
 357  O   MM    487.4600   500.1100   512.8100  -0.834     357    357    357    357
 358  H   MM    488.3400   500.3200   513.1200   0.417     358    358    358    358
 359  H   MM    487.5700   499.9700   511.8700   0.417     359    359    359    359
 360  O   MM    510.6300   496.4000   499.8800  -0.834     360    360    360    360
 361  H   MM    509.9800   496.6000   499.2000   0.417     361    361    361    361
 362  H   MM    510.4200   497.0100   500.5900   0.417     362    362    362    362
 363  O   MM    509.0300   498.2700   503.2700  -0.834     363    363    363    363
 364  H   MM    508.5500   497.5800   502.8100   0.417     364    364    364    364
 365  H   MM    509.4700   498.7600   502.5700   0.417     365    365    365    365
 366  O   MM    493.7600   507.5700   488.3700  -0.834     366    366    366    366
 367  H   MM    494.1800   508.1100   489.0400   0.417     367    367    367    367
 368  H   MM    493.1600   507.0100   488.8500   0.417     368    368    368    368
 369  O   MM    501.1200   516.2300   502.0100  -0.834     369    369    369    369
 370  H   MM    500.1900   516.4400   501.9500   0.417     370    370    370    370
 371  H   MM    501.5000   516.6200   501.2200   0.417     371    371    371    371
 372  O   MM    492.6800   486.9500   502.7000  -0.834     372    372    372    372
 373  H   MM    493.5800   486.6300   502.7600   0.417     373    373    373    373
 374  H   MM    492.2100   486.2500   502.2500   0.417     374    374    374    374
 375  O   MM    507.4500   500.3600   515.3900  -0.834     375    375    375    375
 376  H   MM    507.3300   501.0200   514.7000   0.417     376    376    376    376
 377  H   MM    507.3400   500.8500   516.2000   0.417     377    377    377    377
 378  O   MM    498.4500   492.4900   508.6600  -0.834     378    378    378    378
 379  H   MM    498.7900   492.4500   507.7700   0.417     379    379    379    379
 380  H   MM    497.5300   492.7100   508.5600   0.417     380    380    380    380
 381  O   MM    489.0400   488.5100   500.4500  -0.834     381    381    381    381
 382  H   MM    489.2300   487.8300   499.8000   0.417     382    382    382    382
 383  H   MM    489.9000   488.8200   500.7400   0.417     383    383    383    383
 384  O   MM    498.2800   514.3300   490.2500  -0.834     384    384    384    384
 385  H   MM    498.1700   514.0300   491.1500   0.417     385    385    385    385
 386  H   MM    497.9200   513.6300   489.7100   0.417     386    386    386    386
 387  O   MM    492.1400   488.5500   492.6000  -0.834     387    387    387    387
 388  H   MM    492.7400   489.2900   492.7000   0.417     388    388    388    388
 389  H   MM    491.4100   488.9100   492.1000   0.417     389    389    389    389
 390  O   MM    485.9700   507.1600   507.1100  -0.834     390    390    390    390
 391  H   MM    485.0900   506.9900   507.4600   0.417     391    391    391    391
 392  H   MM    486.4900   507.3800   507.8800   0.417     392    392    392    392
 393  O   MM    503.3800   510.8800   492.6000  -0.834     393    393    393    393
 394  H   MM    503.3400   511.7900   492.3200   0.417     394    394    394    394
 395  H   MM    503.9400   510.4600   491.9500   0.417     395    395    395    395
 396  O   MM    508.7700   501.0600   510.8500  -0.834     396    396    396    396
 397  H   MM    509.1600   500.5000   510.1700   0.417     397    397    397    397
 398  H   MM    509.2900   501.8600   510.8100   0.417     398    398    398    398
 399  O   MM    503.5500   493.1500   504.9200  -0.834     399    399    399    399
 400  H   MM    504.2400   492.6000   505.3200   0.417     400    400    400    400
 401  H   MM    502.8800   492.5300   504.6500   0.417     401    401    401    401
 402  O   MM    507.6400   505.2000   506.2900  -0.834     402    402    402    402
 403  H   MM    508.1100   505.9900   506.0200   0.417     403    403    403    403
 404  H   MM    507.9500   505.0300   507.1800   0.417     404    404    404    404
 405  O   MM    501.9100   509.8800   490.0000  -0.834     405    405    405    405
 406  H   MM    502.1200   508.9800   490.2500   0.417     406    406    406    406
 407  H   MM    502.7500   510.3300   490.0100   0.417     407    407    407    407
 408  O   MM    502.4000   488.3900   497.2200  -0.834     408    408    408    408
 409  H   MM    501.5200   488.0000   497.1800   0.417     409    409    409    409
 410  H   MM    502.4400   488.7900   498.0900   0.417     410    410    410    410
 411  O   MM    505.8200   511.8500   501.9200  -0.834     411    411    411    411
 412  H   MM    505.5500   512.7600   502.0200   0.417     412    412    412    412
 413  H   MM    505.9200   511.7200   500.9800   0.417     413    413    413    413
 414  O   MM    508.7500   504.9200   508.9700  -0.834     414    414    414    414
 415  H   MM    509.2000   504.3100   509.5500   0.417     415    415    415    415
 416  H   MM    507.9600   505.1700   509.4600   0.417     416    416    416    416
 417  O   MM    504.1800   503.8700   507.2400  -0.834     417    417    417    417
 418  H   MM    503.5500   504.3500   506.7000   0.417     418    418    418    418
 419  H   MM    504.8200   503.5300   506.6100   0.417     419    419    419    419
 420  O   MM    485.2800   500.3900   494.0800  -0.834     420    420    420    420
 421  H   MM    485.0000   501.2800   494.3100   0.417     421    421    421    421
 422  H   MM    484.9600   499.8400   494.7900   0.417     422    422    422    422
 423  O   MM    497.4400   507.8300   491.0700  -0.834     423    423    423    423
 424  H   MM    497.7700   507.0200   491.4600   0.417     424    424    424    424
 425  H   MM    498.1300   508.4700   491.2200   0.417     425    425    425    425
 426  O   MM    510.3600   503.3300   510.7100  -0.834     426    426    426    426
 427  H   MM    510.3800   504.1100   511.2700   0.417     427    427    427    427
 428  H   MM    511.2700   503.0500   510.6600   0.417     428    428    428    428
 429  O   MM    490.4400   507.6000   506.6200  -0.834     429    429    429    429
 430  H   MM    490.2400   506.9000   507.2400   0.417     430    430    430    430
 431  H   MM    490.4300   507.1700   505.7600   0.417     431    431    431    431
 432  O   MM    500.2200   504.3000   499.6100  -0.834     432    432    432    432
 433  H   MM    499.8700   503.4900   499.9900   0.417     433    433    433    433
 434  H   MM    500.5600   504.7900   500.3600   0.417     434    434    434    434
 435  O   MM    500.1000   510.8500   506.8100  -0.834     435    435    435    435
 436  H   MM    499.6100   510.9100   507.6300   0.417     436    436    436    436
 437  H   MM    500.2100   511.7500   506.5200   0.417     437    437    437    437
 438  O   MM    493.6000   513.3100   496.0300  -0.834     438    438    438    438
 439  H   MM    494.1900   514.0000   496.3300   0.417     439    439    439    439
 440  H   MM    492.7300   513.7300   496.0000   0.417     440    440    440    440
 441  O   MM    491.3500   493.8000   486.7800  -0.834     441    441    441    441
 442  H   MM    492.1300   493.8700   486.2200   0.417     442    442    442    442
 443  H   MM    491.4500   492.9600   487.2300   0.417     443    443    443    443
 444  O   MM    502.4500   505.6900   505.7600  -0.834     444    444    444    444
 445  H   MM    502.6800   506.5000   505.3100   0.417     445    445    445    445
 446  H   MM    502.3100   505.0600   505.0600   0.417     446    446    446    446
 447  O   MM    497.1600   508.4200   488.2000  -0.834     447    447    447    447
 448  H   MM    498.0200   508.0300   488.0100   0.417     448    448    448    448
 449  H   MM    497.0000   508.2000   489.1100   0.417     449    449    449    449
 450  O   MM    509.7800   507.7100   508.4300  -0.834     450    450    450    450
 451  H   MM    509.9300   508.1500   509.2700   0.417     451    451    451    451
 452  H   MM    509.6100   506.8000   508.6600   0.417     452    452    452    452
 453  O   MM    496.1300   499.3600   505.2500  -0.834     453    453    453    453
 454  H   MM    496.2800   499.1900   504.3200   0.417     454    454    454    454
 455  H   MM    496.8100   500.0000   505.4800   0.417     455    455    455    455
 456  O   MM    498.0900   487.6000   494.4100  -0.834     456    456    456    456
 457  H   MM    498.9000   488.0800   494.2400   0.417     457    457    457    457
 458  H   MM    498.2100   486.7700   493.9400   0.417     458    458    458    458
 459  O   MM    484.6300   499.5500   505.4000  -0.834     459    459    459    459
 460  H   MM    485.2800   498.9000   505.6900   0.417     460    460    460    460
 461  H   MM    484.0400   499.0500   504.8300   0.417     461    461    461    461
 462  O   MM    488.8400   508.8500   491.4800  -0.834     462    462    462    462
 463  H   MM    488.3500   509.5100   490.9800   0.417     463    463    463    463
 464  H   MM    488.2100   508.1600   491.6500   0.417     464    464    464    464
 465  O   MM    501.1800   503.4000   488.3700  -0.834     465    465    465    465
 466  H   MM    501.1900   503.1700   487.4400   0.417     466    466    466    466
 467  H   MM    500.3300   503.8200   488.5100   0.417     467    467    467    467
 468  O   MM    516.0900   496.0400   504.6900  -0.834     468    468    468    468
 469  H   MM    515.3700   496.5300   504.3000   0.417     469    469    469    469
 470  H   MM    516.4400   495.5100   503.9700   0.417     470    470    470    470
 471  O   MM    497.6300   487.7400   505.0100  -0.834     471    471    471    471
 472  H   MM    496.7000   487.8400   505.2300   0.417     472    472    472    472
 473  H   MM    498.0600   487.6400   505.8600   0.417     473    473    473    473
 474  O   MM    502.2300   484.5600   491.7500  -0.834     474    474    474    474
 475  H   MM    501.3200   484.7200   491.4800   0.417     475    475    475    475
 476  H   MM    502.1500   484.0200   492.5300   0.417     476    476    476    476
 477  O   MM    494.7600   490.4600   507.5500  -0.834     477    477    477    477
 478  H   MM    495.0600   489.6800   507.0900   0.417     478    478    478    478
 479  H   MM    494.8100   490.2200   508.4800   0.417     479    479    479    479
 480  O   MM    506.3100   491.1900   496.1900  -0.834     480    480    480    480
 481  H   MM    506.7200   490.3600   495.9400   0.417     481    481    481    481
 482  H   MM    505.3800   491.0400   496.0600   0.417     482    482    482    482
 483  O   MM    510.2100   495.5100   511.9600  -0.834     483    483    483    483
 484  H   MM    510.7000   496.2300   512.3600   0.417     484    484    484    484
 485  H   MM    509.9900   495.8300   511.0900   0.417     485    485    485    485
 486  O   MM    492.3400   497.1700   511.5800  -0.834     486    486    486    486
 487  H   MM    491.7200   497.1100   512.3100   0.417     487    487    487    487
 488  H   MM    491.9600   496.6100   510.9000   0.417     488    488    488    488
 489  O   MM    504.8100   498.3900   483.7000  -0.834     489    489    489    489
 490  H   MM    504.8900   499.3300   483.5000   0.417     490    490    490    490
 491  H   MM    503.9600   498.1400   483.3400   0.417     491    491    491    491
 492  O   MM    495.5000   495.9200   512.8300  -0.834     492    492    492    492
 493  H   MM    495.0000   495.7000   513.6100   0.417     493    493    493    493
 494  H   MM    494.9400   495.6700   512.1000   0.417     494    494    494    494
 495  O   MM    510.8600   500.6000   507.0500  -0.834     495    495    495    495
 496  H   MM    511.4200   500.1300   506.4400   0.417     496    496    496    496
 497  H   MM    509.9700   500.2900   506.8500   0.417     497    497    497    497
 498  O   MM    488.8500   509.8000   506.7500  -0.834     498    498    498    498
 499  H   MM    488.0700   509.5600   506.2500   0.417     499    499    499    499
 500  H   MM    489.4200   509.0300   506.6800   0.417     500    500    500    500
 501  O   MM    496.2000   494.6700   490.9400  -0.834     501    501    501    501
 502  H   MM    495.4200   495.0500   491.3200   0.417     502    502    502    502
 503  H   MM    496.8500   495.3700   490.9700   0.417     503    503    503    503
 504  O   MM    493.4800   503.6100   492.5700  -0.834     504    504    504    504
 505  H   MM    492.6600   503.9900   492.8800   0.417     505    505    505    505
 506  H   MM    493.5200   502.7500   492.9900   0.417     506    506    506    506
 507  O   MM    492.1400   495.9600   492.6800  -0.834     507    507    507    507
 508  H   MM    492.3700   496.7800   492.2400   0.417     508    508    508    508
 509  H   MM    492.2800   495.2900   492.0200   0.417     509    509    509    509
 510  O   MM    514.3200   504.4300   497.6100  -0.834     510    510    510    510
 511  H   MM    513.8700   503.5900   497.5400   0.417     511    511    511    511
 512  H   MM    514.2500   504.6700   498.5300   0.417     512    512    512    512
 513  O   MM    483.0200   502.8200   499.0000  -0.834     513    513    513    513
 514  H   MM    482.4200   502.1200   499.2600   0.417     514    514    514    514
 515  H   MM    483.8200   502.6500   499.4900   0.417     515    515    515    515
 516  O   MM    497.8500   495.2300   502.5900  -0.834     516    516    516    516
 517  H   MM    498.6500   494.7900   502.8500   0.417     517    517    517    517
 518  H   MM    497.6000   495.7500   503.3500   0.417     518    518    518    518
 519  O   MM    500.9400   499.3800   510.4500  -0.834     519    519    519    519
 520  H   MM    501.4900   499.8300   509.8000   0.417     520    520    520    520
 521  H   MM    500.6700   498.5700   510.0200   0.417     521    521    521    521
 522  O   MM    496.3900   483.1600   496.4800  -0.834     522    522    522    522
 523  H   MM    497.1400   482.8300   495.9900   0.417     523    523    523    523
 524  H   MM    495.8000   483.4900   495.8000   0.417     524    524    524    524
 525  O   MM    493.3300   499.6900   512.0500  -0.834     525    525    525    525
 526  H   MM    493.0500   498.7900   511.8700   0.417     526    526    526    526
 527  H   MM    493.0000   500.2000   511.3100   0.417     527    527    527    527
 528  O   MM    494.3100   490.0900   510.5900  -0.834     528    528    528    528
 529  H   MM    494.3600   490.8800   511.1300   0.417     529    529    529    529
 530  H   MM    494.8900   489.4700   511.0200   0.417     530    530    530    530
 531  O   MM    509.4900   490.6600   487.9500  -0.834     531    531    531    531
 532  H   MM    509.7200   489.7600   487.7200   0.417     532    532    532    532
 533  H   MM    509.5400   490.6900   488.9000   0.417     533    533    533    533
 534  O   MM    510.2500   499.1800   500.9100  -0.834     534    534    534    534
 535  H   MM    509.8900   499.3900   500.0500   0.417     535    535    535    535
 536  H   MM    511.2000   499.2300   500.7900   0.417     536    536    536    536
 537  O   MM    497.7600   516.1600   494.7200  -0.834     537    537    537    537
 538  H   MM    496.8500   516.0200   494.4700   0.417     538    538    538    538
 539  H   MM    498.2200   516.3200   493.9000   0.417     539    539    539    539
 540  O   MM    493.4800   504.3100   496.8500  -0.834     540    540    540    540
 541  H   MM    493.8500   503.5100   496.4900   0.417     541    541    541    541
 542  H   MM    494.1900   504.9500   496.8200   0.417     542    542    542    542
 543  O   MM    507.8700   494.7800   504.2200  -0.834     543    543    543    543
 544  H   MM    507.6000   494.2100   504.9400   0.417     544    544    544    544
 545  H   MM    507.1300   495.3700   504.0900   0.417     545    545    545    545
 546  O   MM    490.9200   497.2100   485.0500  -0.834     546    546    546    546
 547  H   MM    490.2600   497.4900   485.6800   0.417     547    547    547    547
 548  H   MM    491.0400   496.2800   485.2200   0.417     548    548    548    548
 549  O   MM    492.7800   505.1100   507.1300  -0.834     549    549    549    549
 550  H   MM    493.4900   505.1800   506.4900   0.417     550    550    550    550
 551  H   MM    493.1600   505.4300   507.9500   0.417     551    551    551    551
 552  O   MM    506.8000   493.9100   497.0100  -0.834     552    552    552    552
 553  H   MM    506.6700   493.0700   496.5700   0.417     553    553    553    553
 554  H   MM    506.0300   494.4300   496.7800   0.417     554    554    554    554
 555  O   MM    487.2600   508.7000   502.1400  -0.834     555    555    555    555
 556  H   MM    488.0000   509.3000   502.1900   0.417     556    556    556    556
 557  H   MM    487.0500   508.4900   503.0500   0.417     557    557    557    557
 558  O   MM    515.2600   500.7700   507.1500  -0.834     558    558    558    558
 559  H   MM    515.9100   500.6000   507.8300   0.417     559    559    559    559
 560  H   MM    514.4400   500.9100   507.6200   0.417     560    560    560    560
 561  O   MM    501.5400   505.5300   508.4000  -0.834     561    561    561    561
 562  H   MM    501.8400   505.5600   507.4900   0.417     562    562    562    562
 563  H   MM    500.6000   505.3700   508.3300   0.417     563    563    563    563
 564  O   MM    498.4500   517.0100   501.7600  -0.834     564    564    564    564
 565  H   MM    497.8100   516.9000   501.0600   0.417     565    565    565    565
 566  H   MM    497.9300   517.1000   502.5600   0.417     566    566    566    566
 567  O   MM    498.0100   493.3500   488.8100  -0.834     567    567    567    567
 568  H   MM    498.6500   492.8900   489.3500   0.417     568    568    568    568
 569  H   MM    497.5100   493.8900   489.4200   0.417     569    569    569    569
 570  O   MM    503.2700   513.7900   494.4200  -0.834     570    570    570    570
 571  H   MM    503.4900   513.8900   495.3400   0.417     571    571    571    571
 572  H   MM    502.3200   513.7200   494.4100   0.417     572    572    572    572
 573  O   MM    500.0100   486.7500   496.7500  -0.834     573    573    573    573
 574  H   MM    499.1400   486.5900   497.1200   0.417     574    574    574    574
 575  H   MM    499.8300   487.2200   495.9300   0.417     575    575    575    575
 576  O   MM    501.9900   490.8900   504.1900  -0.834     576    576    576    576
 577  H   MM    501.2300   491.4200   504.4300   0.417     577    577    577    577
 578  H   MM    501.8800   490.0700   504.6800   0.417     578    578    578    578
 579  O   MM    502.4600   506.7300   498.5700  -0.834     579    579    579    579
 580  H   MM    502.6000   505.7900   498.4700   0.417     580    580    580    580
 581  H   MM    502.0500   506.8300   499.4200   0.417     581    581    581    581
 582  O   MM    486.5700   496.1800   497.6500  -0.834     582    582    582    582
 583  H   MM    487.0000   496.4200   496.8300   0.417     583    583    583    583
 584  H   MM    486.9800   495.3500   497.9000   0.417     584    584    584    584
 585  O   MM    507.6700   501.9200   485.0200  -0.834     585    585    585    585
 586  H   MM    508.3100   501.8600   484.3100   0.417     586    586    586    586
 587  H   MM    507.9400   501.2500   485.6500   0.417     587    587    587    587
 588  O   MM    498.3300   510.7600   486.0700  -0.834     588    588    588    588
 589  H   MM    499.2800   510.8100   486.1900   0.417     589    589    589    589
 590  H   MM    498.1900   509.9400   485.6000   0.417     590    590    590    590
 591  O   MM    491.3600   497.6700   504.8400  -0.834     591    591    591    591
 592  H   MM    491.5500   497.8900   505.7500   0.417     592    592    592    592
 593  H   MM    490.8200   496.8800   504.8900   0.417     593    593    593    593
 594  O   MM    486.4900   497.7100   501.2800  -0.834     594    594    594    594
 595  H   MM    485.5800   497.5100   501.0500   0.417     595    595    595    595
 596  H   MM    487.0100   497.2200   500.6500   0.417     596    596    596    596
 597  O   MM    492.5000   498.3700   491.3500  -0.834     597    597    597    597
 598  H   MM    492.8800   498.2500   490.4800   0.417     598    598    598    598
 599  H   MM    491.7200   498.9000   491.2100   0.417     599    599    599    599
 600  O   MM    506.5800   498.7600   500.4500  -0.834     600    600    600    600
 601  H   MM    505.6500   498.8000   500.6600   0.417     601    601    601    601
 602  H   MM    506.7700   499.5900   500.0100   0.417     602    602    602    602
 603  O   MM    499.8100   499.5400   502.3400  -0.834     603    603    603    603
 604  H   MM    499.1200   498.8800   502.2500   0.417     604    604    604    604
 605  H   MM    500.5600   499.1600   501.8700   0.417     605    605    605    605
 606  O   MM    486.5400   509.5600   497.6500  -0.834     606    606    606    606
 607  H   MM    487.1300   508.8300   497.4300   0.417     607    607    607    607
 608  H   MM    486.2400   509.8800   496.8000   0.417     608    608    608    608
 609  O   MM    493.1800   500.7400   505.6500  -0.834     609    609    609    609
 610  H   MM    493.6200   500.1300   505.0500   0.417     610    610    610    610
 611  H   MM    492.2500   500.5900   505.5000   0.417     611    611    611    611
 612  O   MM    492.5100   511.2700   500.8600  -0.834     612    612    612    612
 613  H   MM    491.8400   511.9400   500.7600   0.417     613    613    613    613
 614  H   MM    492.8900   511.1700   499.9900   0.417     614    614    614    614
 615  O   MM    506.1800   484.5200   503.1700  -0.834     615    615    615    615
 616  H   MM    506.0800   483.5900   502.9600   0.417     616    616    616    616
 617  H   MM    506.4900   484.5400   504.0700   0.417     617    617    617    617
 618  O   MM    497.1600   510.3300   504.7700  -0.834     618    618    618    618
 619  H   MM    497.8500   509.6700   504.8600   0.417     619    619    619    619
 620  H   MM    496.7300   510.1200   503.9400   0.417     620    620    620    620
 621  O   MM    488.8300   499.7900   496.6700  -0.834     621    621    621    621
 622  H   MM    487.9200   499.7400   496.9500   0.417     622    622    622    622
 623  H   MM    489.2300   499.0000   497.0200   0.417     623    623    623    623
 624  O   MM    497.6000   496.8000   499.8700  -0.834     624    624    624    624
 625  H   MM    497.7100   496.3300   500.7000   0.417     625    625    625    625
 626  H   MM    498.4100   497.2900   499.7600   0.417     626    626    626    626
 627  O   MM    487.5300   496.8100   495.1900  -0.834     627    627    627    627
 628  H   MM    486.8000   497.0100   494.6000   0.417     628    628    628    628
 629  H   MM    488.3100   497.1200   494.7200   0.417     629    629    629    629
 630  O   MM    511.2700   490.1300   499.4800  -0.834     630    630    630    630
 631  H   MM    511.5400   491.0500   499.4900   0.417     631    631    631    631
 632  H   MM    511.5100   489.8100   500.3500   0.417     632    632    632    632
 633  O   MM    489.1400   502.7300   509.6500  -0.834     633    633    633    633
 634  H   MM    489.4800   503.1000   508.8400   0.417     634    634    634    634
 635  H   MM    489.8500   502.8200   510.2800   0.417     635    635    635    635
 636  O   MM    513.6300   509.1000   504.8800  -0.834     636    636    636    636
 637  H   MM    514.4100   509.6400   504.8700   0.417     637    637    637    637
 638  H   MM    513.8900   508.3100   505.3500   0.417     638    638    638    638
 639  O   MM    509.5600   505.3000   487.0600  -0.834     639    639    639    639
 640  H   MM    508.9700   505.5700   486.3600   0.417     640    640    640    640
 641  H   MM    509.9600   504.5000   486.7400   0.417     641    641    641    641
 642  O   MM    507.1000   504.6600   501.7700  -0.834     642    642    642    642
 643  H   MM    507.7400   504.6000   502.4800   0.417     643    643    643    643
 644  H   MM    507.5200   504.2100   501.0400   0.417     644    644    644    644
 645  O   MM    486.4300   497.8100   506.5700  -0.834     645    645    645    645
 646  H   MM    485.8200   497.6500   507.2900   0.417     646    646    646    646
 647  H   MM    487.2400   498.0900   506.9900   0.417     647    647    647    647
 648  O   MM    511.8700   494.5600   488.7400  -0.834     648    648    648    648
 649  H   MM    512.7400   494.3000   488.4300   0.417     649    649    649    649
 650  H   MM    512.0300   495.2900   489.3300   0.417     650    650    650    650
 651  O   MM    491.6300   499.1600   502.6000  -0.834     651    651    651    651
 652  H   MM    491.5400   498.5900   503.3600   0.417     652    652    652    652
 653  H   MM    490.9000   499.7800   502.6800   0.417     653    653    653    653
 654  O   MM    487.6100   506.0900   498.5800  -0.834     654    654    654    654
 655  H   MM    486.7100   506.1500   498.8900   0.417     655    655    655    655
 656  H   MM    487.5600   505.5700   497.7800   0.417     656    656    656    656
 657  O   MM    500.0300   491.1700   513.8900  -0.834     657    657    657    657
 658  H   MM    499.8100   492.1100   513.9500   0.417     658    658    658    658
 659  H   MM    499.1800   490.7300   513.8600   0.417     659    659    659    659
 660  O   MM    498.6900   485.6300   509.2100  -0.834     660    660    660    660
 661  H   MM    499.4600   485.3100   508.7400   0.417     661    661    661    661
 662  H   MM    498.0400   484.9300   509.1000   0.417     662    662    662    662
 663  O   MM    496.8600   500.8200   500.0300  -0.834     663    663    663    663
 664  H   MM    496.2500   501.4900   499.7200   0.417     664    664    664    664
 665  H   MM    496.6900   500.0600   499.4800   0.417     665    665    665    665
 666  O   MM    504.1700   484.7000   506.4700  -0.834     666    666    666    666
 667  H   MM    505.0800   484.5400   506.2200   0.417     667    667    667    667
 668  H   MM    503.6600   484.1400   505.8900   0.417     668    668    668    668
 669  O   MM    505.4000   507.0400   505.5500  -0.834     669    669    669    669
 670  H   MM    504.9900   507.1200   506.4100   0.417     670    670    670    670
 671  H   MM    506.2500   506.6400   505.7300   0.417     671    671    671    671
 672  O   MM    513.0300   492.7700   498.8000  -0.834     672    672    672    672
 673  H   MM    513.1800   493.7100   498.7100   0.417     673    673    673    673
 674  H   MM    513.4000   492.3900   498.0100   0.417     674    674    674    674
 675  O   MM    511.4700   495.1500   493.3000  -0.834     675    675    675    675
 676  H   MM    511.4800   496.0000   493.7300   0.417     676    676    676    676
 677  H   MM    510.5500   495.0200   493.0400   0.417     677    677    677    677
 678  O   MM    495.9300   510.4000   502.2700  -0.834     678    678    678    678
 679  H   MM    495.7600   511.3500   502.2000   0.417     679    679    679    679
 680  H   MM    495.1100   510.0500   502.6100   0.417     680    680    680    680
 681  O   MM    498.6800   485.3600   492.9700  -0.834     681    681    681    681
 682  H   MM    497.8000   485.0100   492.8700   0.417     682    682    682    682
 683  H   MM    499.0200   485.4200   492.0800   0.417     683    683    683    683
 684  O   MM    487.6400   497.2700   491.3000  -0.834     684    684    684    684
 685  H   MM    488.0600   497.9900   491.7700   0.417     685    685    685    685
 686  H   MM    488.3400   496.6100   491.2000   0.417     686    686    686    686
 687  O   MM    500.7000   493.8300   492.3500  -0.834     687    687    687    687
 688  H   MM    500.4300   493.1600   492.9800   0.417     688    688    688    688
 689  H   MM    500.4000   493.4900   491.5000   0.417     689    689    689    689
 690  O   MM    495.2000   515.5300   493.9100  -0.834     690    690    690    690
 691  H   MM    494.6900   515.9400   493.2100   0.417     691    691    691    691
 692  H   MM    494.9400   514.6100   493.9000   0.417     692    692    692    692
 693  O   MM    495.4500   508.0300   500.5800  -0.834     693    693    693    693
 694  H   MM    495.6300   508.9700   500.5900   0.417     694    694    694    694
 695  H   MM    495.8300   507.7200   499.7600   0.417     695    695    695    695
 696  O   MM    492.8400   515.1900   505.8700  -0.834     696    696    696    696
 697  H   MM    492.5200   514.4500   505.3500   0.417     697    697    697    697
 698  H   MM    493.4000   515.6900   505.2700   0.417     698    698    698    698
 699  O   MM    499.8100   497.9200   516.2200  -0.834     699    699    699    699
 700  H   MM    500.6500   497.5400   516.4600   0.417     700    700    700    700
 701  H   MM    499.1900   497.1900   516.2400   0.417     701    701    701    701
 702  O   MM    490.7500   492.3600   507.7200  -0.834     702    702    702    702
 703  H   MM    489.8000   492.5000   507.6700   0.417     703    703    703    703
 704  H   MM    491.0100   492.1700   506.8100   0.417     704    704    704    704
 705  O   MM    494.1200   510.4800   511.3800  -0.834     705    705    705    705
 706  H   MM    494.2400   511.4300   511.4600   0.417     706    706    706    706
 707  H   MM    493.1700   510.3600   511.3800   0.417     707    707    707    707
 708  O   MM    486.2600   491.8300   499.5900  -0.834     708    708    708    708
 709  H   MM    486.9400   491.8000   500.2700   0.417     709    709    709    709
 710  H   MM    486.6600   492.3100   498.8700   0.417     710    710    710    710
 711  O   MM    508.4400   496.2100   514.2200  -0.834     711    711    711    711
 712  H   MM    509.2300   495.8900   513.7800   0.417     712    712    712    712
 713  H   MM    507.7300   495.6500   513.8800   0.417     713    713    713    713
 714  O   MM    510.9800   503.6200   507.2700  -0.834     714    714    714    714
 715  H   MM    510.7600   502.6800   507.2200   0.417     715    715    715    715
 716  H   MM    510.2500   504.0100   507.7400   0.417     716    716    716    716
 717  O   MM    507.0900   493.7300   490.4400  -0.834     717    717    717    717
 718  H   MM    506.8800   493.5100   491.3500   0.417     718    718    718    718
 719  H   MM    507.9900   494.0400   490.4700   0.417     719    719    719    719
 720  O   MM    491.0400   504.2100   493.7300  -0.834     720    720    720    720
 721  H   MM    490.3800   504.8900   493.8600   0.417     721    721    721    721
 722  H   MM    490.6800   503.4300   494.1600   0.417     722    722    722    722
 723  O   MM    494.1400   485.7500   498.9600  -0.834     723    723    723    723
 724  H   MM    494.5200   486.5800   499.2500   0.417     724    724    724    724
 725  H   MM    493.5100   486.0000   498.2900   0.417     725    725    725    725
 726  O   MM    495.0900   483.6700   500.3700  -0.834     726    726    726    726
 727  H   MM    494.4200   482.9900   500.3300   0.417     727    727    727    727
 728  H   MM    494.7400   484.3900   499.8400   0.417     728    728    728    728
 729  O   MM    499.5300   506.9900   487.9500  -0.834     729    729    729    729
 730  H   MM    500.2100   507.2200   488.5900   0.417     730    730    730    730
 731  H   MM    499.2400   506.1200   488.2200   0.417     731    731    731    731
 732  O   MM    511.9300   511.5000   505.7400  -0.834     732    732    732    732
 733  H   MM    511.5400   512.0900   505.1000   0.417     733    733    733    733
 734  H   MM    512.4300   510.8800   505.2100   0.417     734    734    734    734
 735  O   MM    508.8300   498.8700   513.4800  -0.834     735    735    735    735
 736  H   MM    508.4000   499.4000   514.1500   0.417     736    736    736    736
 737  H   MM    508.5700   497.9700   513.6900   0.417     737    737    737    737
 738  O   MM    499.3200   485.4500   490.3300  -0.834     738    738    738    738
 739  H   MM    498.7700   486.0400   489.8100   0.417     739    739    739    739
 740  H   MM    499.2900   484.6200   489.8600   0.417     740    740    740    740
 741  O   MM    490.5500   490.9900   495.3400  -0.834     741    741    741    741
 742  H   MM    490.4000   490.3000   495.9800   0.417     742    742    742    742
 743  H   MM    490.7000   491.7800   495.8700   0.417     743    743    743    743
 744  O   MM    496.7300   483.3900   503.8100  -0.834     744    744    744    744
 745  H   MM    496.6400   482.6400   503.2200   0.417     745    745    745    745
 746  H   MM    497.4800   483.8700   503.4700   0.417     746    746    746    746
 747  O   MM    487.8200   489.4100   504.0900  -0.834     747    747    747    747
 748  H   MM    488.1400   489.1500   504.9600   0.417     748    748    748    748
 749  H   MM    488.0700   488.6900   503.5200   0.417     749    749    749    749
 750  O   MM    496.9800   498.1400   513.6600  -0.834     750    750    750    750
 751  H   MM    496.4100   497.4600   513.3000   0.417     751    751    751    751
 752  H   MM    497.8100   497.6900   513.8200   0.417     752    752    752    752
 753  O   MM    506.0200   505.7200   497.8100  -0.834     753    753    753    753
 754  H   MM    505.5200   505.4600   498.5800   0.417     754    754    754    754
 755  H   MM    505.5700   506.5000   497.4800   0.417     755    755    755    755
 756  O   MM    509.7300   491.8700   496.6800  -0.834     756    756    756    756
 757  H   MM    508.9900   491.9000   497.2900   0.417     757    757    757    757
 758  H   MM    510.2600   492.6300   496.9200   0.417     758    758    758    758
 759  O   MM    504.7900   486.1800   508.7400  -0.834     759    759    759    759
 760  H   MM    504.3900   485.4900   508.2100   0.417     760    760    760    760
 761  H   MM    505.5600   486.4500   508.2400   0.417     761    761    761    761
 762  O   MM    499.4400   502.0600   510.3100  -0.834     762    762    762    762
 763  H   MM    499.1900   502.9800   510.2300   0.417     763    763    763    763
 764  H   MM    499.1000   501.6600   509.5100   0.417     764    764    764    764
 765  O   MM    500.1300   514.7500   509.2200  -0.834     765    765    765    765
 766  H   MM    499.2000   514.6800   509.4300   0.417     766    766    766    766
 767  H   MM    500.5700   514.2400   509.9000   0.417     767    767    767    767
 768  O   MM    505.0000   509.8300   490.6200  -0.834     768    768    768    768
 769  H   MM    505.6300   509.4300   491.2200   0.417     769    769    769    769
 770  H   MM    505.5100   510.0600   489.8500   0.417     770    770    770    770
 771  O   MM    507.2200   498.6800   493.6100  -0.834     771    771    771    771
 772  H   MM    506.2900   498.5700   493.4600   0.417     772    772    772    772
 773  H   MM    507.3000   498.7800   494.5600   0.417     773    773    773    773
 774  O   MM    491.7200   502.9100   503.2600  -0.834     774    774    774    774
 775  H   MM    491.5600   502.8000   504.1900   0.417     775    775    775    775
 776  H   MM    490.8700   502.7200   502.8500   0.417     776    776    776    776
 777  O   MM    501.6400   489.9300   511.0600  -0.834     777    777    777    777
 778  H   MM    501.9700   490.5300   511.7200   0.417     778    778    778    778
 779  H   MM    502.4300   489.5600   510.6500   0.417     779    779    779    779
 780  O   MM    489.1500   505.1300   511.7500  -0.834     780    780    780    780
 781  H   MM    489.6100   504.5000   512.3100   0.417     781    781    781    781
 782  H   MM    488.3200   504.7000   511.5500   0.417     782    782    782    782
 783  O   MM    496.7600   490.8700   513.4800  -0.834     783    783    783    783
 784  H   MM    496.0000   491.3300   513.1200   0.417     784    784    784    784
 785  H   MM    496.7200   490.0000   513.0900   0.417     785    785    785    785
 786  O   MM    506.0900   484.1200   496.8200  -0.834     786    786    786    786
 787  H   MM    505.7100   483.5900   496.1200   0.417     787    787    787    787
 788  H   MM    505.6700   484.9800   496.7300   0.417     788    788    788    788
 789  O   MM    505.7400   509.7700   513.4000  -0.834     789    789    789    789
 790  H   MM    506.0700   510.3600   512.7200   0.417     790    790    790    790
 791  H   MM    506.2600   508.9800   513.2900   0.417     791    791    791    791
 792  O   MM    489.8200   497.4700   493.7500  -0.834     792    792    792    792
 793  H   MM    490.0800   498.3900   493.7600   0.417     793    793    793    793
 794  H   MM    490.6000   497.0100   493.4300   0.417     794    794    794    794
 795  O   MM    498.1800   513.3100   492.9000  -0.834     795    795    795    795
 796  H   MM    498.3700   513.7100   493.7500   0.417     796    796    796    796
 797  H   MM    497.4900   512.6700   493.0800   0.417     797    797    797    797
 798  O   MM    490.1300   499.8900   491.0500  -0.834     798    798    798    798
 799  H   MM    489.4000   500.1500   491.6100   0.417     799    799    799    799
 800  H   MM    489.9900   500.3500   490.2300   0.417     800    800    800    800
 801  O   MM    503.2200   489.6600   499.6200  -0.834     801    801    801    801
 802  H   MM    503.7200   488.9000   499.9000   0.417     802    802    802    802
 803  H   MM    503.2400   490.2600   500.3700   0.417     803    803    803    803
 804  O   MM    495.7300   506.5000   502.9000  -0.834     804    804    804    804
 805  H   MM    495.4600   505.7000   502.4500   0.417     805    805    805    805
 806  H   MM    495.7100   507.1700   502.2300   0.417     806    806    806    806
 807  O   MM    487.8900   504.7500   496.0600  -0.834     807    807    807    807
 808  H   MM    487.8000   503.9300   496.5600   0.417     808    808    808    808
 809  H   MM    487.4300   504.5700   495.2400   0.417     809    809    809    809
 810  O   MM    493.8400   486.7000   490.7800  -0.834     810    810    810    810
 811  H   MM    493.1200   486.5800   491.4100   0.417     811    811    811    811
 812  H   MM    493.4200   487.0500   490.0000   0.417     812    812    812    812
 813  O   MM    506.5700   502.7600   496.1900  -0.834     813    813    813    813
 814  H   MM    507.3800   503.2700   496.0800   0.417     814    814    814    814
 815  H   MM    506.4000   502.7900   497.1400   0.417     815    815    815    815
 816  O   MM    495.5500   488.7600   491.4200  -0.834     816    816    816    816
 817  H   MM    495.0400   487.9600   491.2900   0.417     817    817    817    817
 818  H   MM    494.9600   489.3500   491.8800   0.417     818    818    818    818
 819  O   MM    483.3200   504.5700   502.0200  -0.834     819    819    819    819
 820  H   MM    483.3300   503.9000   502.7100   0.417     820    820    820    820
 821  H   MM    482.8100   504.1700   501.3200   0.417     821    821    821    821
 822  O   MM    513.0100   502.0100   497.2900  -0.834     822    822    822    822
 823  H   MM    513.6700   501.5900   496.7400   0.417     823    823    823    823
 824  H   MM    512.2100   501.9900   496.7600   0.417     824    824    824    824
 825  O   MM    497.8800   512.7800   496.2300  -0.834     825    825    825    825
 826  H   MM    497.3000   512.2000   495.7400   0.417     826    826    826    826
 827  H   MM    498.1600   512.2600   496.9800   0.417     827    827    827    827
 828  O   MM    495.1300   513.2800   509.6200  -0.834     828    828    828    828
 829  H   MM    494.6300   512.6200   509.1500   0.417     829    829    829    829
 830  H   MM    495.1500   514.0300   509.0200   0.417     830    830    830    830
 831  O   MM    493.9500   494.4200   510.9800  -0.834     831    831    831    831
 832  H   MM    492.9900   494.4700   511.0000   0.417     832    832    832    832
 833  H   MM    494.1900   494.7600   510.1100   0.417     833    833    833    833
 834  O   MM    500.8500   513.0100   488.3800  -0.834     834    834    834    834
 835  H   MM    501.5900   513.2300   488.9400   0.417     835    835    835    835
 836  H   MM    500.2400   513.7300   488.4900   0.417     836    836    836    836
 837  O   MM    493.8400   497.5400   488.9300  -0.834     837    837    837    837
 838  H   MM    494.6700   497.8500   488.5600   0.417     838    838    838    838
 839  H   MM    493.8400   496.6000   488.7600   0.417     839    839    839    839
 840  O   MM    505.6400   509.4300   503.1400  -0.834     840    840    840    840
 841  H   MM    505.7700   510.3300   502.8400   0.417     841    841    841    841
 842  H   MM    505.6200   509.5000   504.1000   0.417     842    842    842    842
 843  O   MM    498.1900   495.7000   516.3200  -0.834     843    843    843    843
 844  H   MM    498.7200   495.0700   516.8200   0.417     844    844    844    844
 845  H   MM    497.4900   495.1800   515.9400   0.417     845    845    845    845
 846  O   MM    509.5900   488.0700   493.2800  -0.834     846    846    846    846
 847  H   MM    509.8300   488.4600   494.1100   0.417     847    847    847    847
 848  H   MM    510.4200   487.7700   492.9000   0.417     848    848    848    848
 849  O   MM    505.6300   492.6500   485.3400  -0.834     849    849    849    849
 850  H   MM    506.0700   491.8100   485.1900   0.417     850    850    850    850
 851  H   MM    505.9800   492.9700   486.1700   0.417     851    851    851    851
 852  O   MM    504.0200   511.8900   507.7700  -0.834     852    852    852    852
 853  H   MM    503.8600   512.5500   508.4500   0.417     853    853    853    853
 854  H   MM    503.8200   512.3400   506.9500   0.417     854    854    854    854
 855  O   MM    492.0200   489.6000   504.2200  -0.834     855    855    855    855
 856  H   MM    491.8500   489.5000   505.1600   0.417     856    856    856    856
 857  H   MM    491.7700   488.7500   503.8400   0.417     857    857    857    857
 858  O   MM    494.8900   500.8300   490.6900  -0.834     858    858    858    858
 859  H   MM    494.3600   501.5500   491.0300   0.417     859    859    859    859
 860  H   MM    495.7800   501.1900   490.6200   0.417     860    860    860    860
 861  O   MM    492.4500   492.4700   503.6800  -0.834     861    861    861    861
 862  H   MM    493.3300   492.6200   504.0400   0.417     862    862    862    862
 863  H   MM    492.2800   491.5400   503.8500   0.417     863    863    863    863
 864  O   MM    506.8900   506.2100   485.4300  -0.834     864    864    864    864
 865  H   MM    506.1100   506.5200   484.9600   0.417     865    865    865    865
 866  H   MM    506.9800   506.8000   486.1700   0.417     866    866    866    866
 867  O   MM    497.8400   487.0500   488.7000  -0.834     867    867    867    867
 868  H   MM    498.5300   487.6800   488.4600   0.417     868    868    868    868
 869  H   MM    497.1700   487.1600   488.0200   0.417     869    869    869    869
 870  O   MM    504.1500   506.8700   503.1500  -0.834     870    870    870    870
 871  H   MM    504.5600   507.5500   502.6100   0.417     871    871    871    871
 872  H   MM    504.6000   506.9100   503.9900   0.417     872    872    872    872
 873  O   MM    506.3600   503.6700   510.9400  -0.834     873    873    873    873
 874  H   MM    505.6100   504.2100   510.7100   0.417     874    874    874    874
 875  H   MM    506.3800   502.9900   510.2600   0.417     875    875    875    875
 876  O   MM    509.1600   492.2500   494.0000  -0.834     876    876    876    876
 877  H   MM    508.8100   491.4500   493.6100   0.417     877    877    877    877
 878  H   MM    509.2800   492.0400   494.9300   0.417     878    878    878    878
 879  O   MM    490.0400   494.0700   499.5500  -0.834     879    879    879    879
 880  H   MM    490.3600   493.9300   500.4400   0.417     880    880    880    880
 881  H   MM    489.4800   494.8400   499.6100   0.417     881    881    881    881
 882  O   MM    491.6800   503.5400   486.7300  -0.834     882    882    882    882
 883  H   MM    491.4500   502.6900   486.3600   0.417     883    883    883    883
 884  H   MM    491.6300   503.4200   487.6800   0.417     884    884    884    884
 885  O   MM    508.6600   494.6500   507.1500  -0.834     885    885    885    885
 886  H   MM    509.5900   494.8600   507.2200   0.417     886    886    886    886
 887  H   MM    508.6400   493.6900   507.1100   0.417     887    887    887    887
 888  O   MM    509.4600   504.1200   489.6300  -0.834     888    888    888    888
 889  H   MM    509.4100   504.5500   488.7800   0.417     889    889    889    889
 890  H   MM    508.5900   503.7500   489.7600   0.417     890    890    890    890
 891  O   MM    507.2400   515.3800   503.2000  -0.834     891    891    891    891
 892  H   MM    507.3400   515.1500   502.2700   0.417     892    892    892    892
 893  H   MM    506.3000   515.4200   503.3400   0.417     893    893    893    893
 894  O   MM    497.8600   490.2700   484.8400  -0.834     894    894    894    894
 895  H   MM    497.4200   490.8600   485.4500   0.417     895    895    895    895
 896  H   MM    498.7900   490.3400   485.0600   0.417     896    896    896    896
 897  O   MM    501.3800   506.5400   485.1600  -0.834     897    897    897    897
 898  H   MM    501.5300   506.0000   485.9300   0.417     898    898    898    898
 899  H   MM    500.8100   507.2500   485.4700   0.417     899    899    899    899
 900  O   MM    509.7300   490.6900   490.6100  -0.834     900    900    900    900
 901  H   MM    509.1000   490.6800   491.3400   0.417     901    901    901    901
 902  H   MM    510.5600   490.4500   491.0000   0.417     902    902    902    902
 903  O   MM    513.0500   500.5700   508.7800  -0.834     903    903    903    903
 904  H   MM    513.2300   499.6300   508.8300   0.417     904    904    904    904
 905  H   MM    512.2400   500.6300   508.2700   0.417     905    905    905    905
 906  O   MM    490.1800   507.7100   493.6300  -0.834     906    906    906    906
 907  H   MM    489.8600   508.1600   492.8400   0.417     907    907    907    907
 908  H   MM    491.1100   507.6000   493.4700   0.417     908    908    908    908
 909  O   MM    514.4500   498.1600   490.7700  -0.834     909    909    909    909
 910  H   MM    514.0900   498.2800   491.6500   0.417     910    910    910    910
 911  H   MM    515.3800   498.3500   490.8600   0.417     911    911    911    911
 912  O   MM    510.5200   486.5200   496.7800  -0.834     912    912    912    912
 913  H   MM    511.4400   486.3500   497.0200   0.417     913    913    913    913
 914  H   MM    510.0400   486.4000   497.6000   0.417     914    914    914    914
 915  O   MM    502.4600   513.8100   502.3700  -0.834     915    915    915    915
 916  H   MM    501.9600   514.6200   502.2400   0.417     916    916    916    916
 917  H   MM    501.8700   513.1100   502.0900   0.417     917    917    917    917
 918  O   MM    496.2600   501.7100   483.3300  -0.834     918    918    918    918
 919  H   MM    495.7500   502.3000   482.7800   0.417     919    919    919    919
 920  H   MM    496.3400   502.1700   484.1700   0.417     920    920    920    920
 921  O   MM    483.1500   497.8600   503.6800  -0.834     921    921    921    921
 922  H   MM    482.9100   498.0700   502.7800   0.417     922    922    922    922
 923  H   MM    483.2900   496.9100   503.6800   0.417     923    923    923    923
 924  O   MM    499.9800   488.6900   488.3200  -0.834     924    924    924    924
 925  H   MM    500.3000   488.7300   489.2200   0.417     925    925    925    925
 926  H   MM    500.7300   488.9500   487.7900   0.417     926    926    926    926
 927  O   MM    505.7000   512.3800   494.0500  -0.834     927    927    927    927
 928  H   MM    506.1000   512.8300   494.7900   0.417     928    928    928    928
 929  H   MM    504.8400   512.7900   493.9500   0.417     929    929    929    929
 930  O   MM    511.3100   497.8000   512.8500  -0.834     930    930    930    930
 931  H   MM    511.7600   498.1600   513.6100   0.417     931    931    931    931
 932  H   MM    510.5000   498.3200   512.7900   0.417     932    932    932    932
 933  O   MM    507.0900   490.2000   508.5000  -0.834     933    933    933    933
 934  H   MM    506.7800   491.0000   508.9100   0.417     934    934    934    934
 935  H   MM    507.6600   490.4900   507.7900   0.417     935    935    935    935
 936  O   MM    508.6200   496.0300   496.2600  -0.834     936    936    936    936
 937  H   MM    508.0800   495.2800   496.5100   0.417     937    937    937    937
 938  H   MM    508.0100   496.7700   496.2700   0.417     938    938    938    938
 939  O   MM    500.9900   510.8100   486.7200  -0.834     939    939    939    939
 940  H   MM    501.7100   510.3100   487.1000   0.417     940    940    940    940
 941  H   MM    500.9700   511.6300   487.2200   0.417     941    941    941    941
 942  O   MM    494.1600   499.8300   501.9100  -0.834     942    942    942    942
 943  H   MM    493.2500   499.7500   502.2100   0.417     943    943    943    943
 944  H   MM    494.1400   500.5700   501.3000   0.417     944    944    944    944
 945  O   MM    482.8200   500.5800   500.8800  -0.834     945    945    945    945
 946  H   MM    483.0700   499.6700   500.7300   0.417     946    946    946    946
 947  H   MM    483.6500   501.0400   500.9800   0.417     947    947    947    947
 948  O   MM    499.5600   488.7200   491.2400  -0.834     948    948    948    948
 949  H   MM    499.0000   487.9500   491.1000   0.417     949    949    949    949
 950  H   MM    500.4000   488.3600   491.5100   0.417     950    950    950    950
 951  O   MM    490.9700   514.0800   495.8200  -0.834     951    951    951    951
 952  H   MM    490.5400   513.2900   496.1600   0.417     952    952    952    952
 953  H   MM    490.5500   514.8000   496.2900   0.417     953    953    953    953
 954  O   MM    500.4500   497.0100   508.8000  -0.834     954    954    954    954
 955  H   MM    499.9100   497.2500   508.0500   0.417     955    955    955    955
 956  H   MM    500.8900   496.2000   508.5200   0.417     956    956    956    956
 957  O   MM    506.3500   489.3200   502.6000  -0.834     957    957    957    957
 958  H   MM    505.5700   489.8600   502.4500   0.417     958    958    958    958
 959  H   MM    507.0600   489.8000   502.1700   0.417     959    959    959    959
 960  O   MM    502.6700   504.5300   492.5700  -0.834     960    960    960    960
 961  H   MM    502.3400   503.9700   493.2700   0.417     961    961    961    961
 962  H   MM    503.2500   505.1500   493.0100   0.417     962    962    962    962
 963  O   MM    513.2700   492.5400   491.7400  -0.834     963    963    963    963
 964  H   MM    513.8700   492.7500   492.4500   0.417     964    964    964    964
 965  H   MM    512.7300   493.3300   491.6500   0.417     965    965    965    965
 966  O   MM    507.7100   497.9000   508.5500  -0.834     966    966    966    966
 967  H   MM    506.7700   498.0100   508.4400   0.417     967    967    967    967
 968  H   MM    508.0800   498.0600   507.6900   0.417     968    968    968    968
 969  O   MM    504.8200   506.7300   513.0800  -0.834     969    969    969    969
 970  H   MM    504.8000   506.8200   512.1300   0.417     970    970    970    970
 971  H   MM    504.2500   505.9800   513.2600   0.417     971    971    971    971
 972  O   MM    513.1400   496.4800   510.6000  -0.834     972    972    972    972
 973  H   MM    513.2600   495.8400   511.2900   0.417     973    973    973    973
 974  H   MM    512.2900   496.8800   510.7900   0.417     974    974    974    974
 975  O   MM    506.1100   501.7400   508.9700  -0.834     975    975    975    975
 976  H   MM    506.5900   501.6100   508.1600   0.417     976    976    976    976
 977  H   MM    506.2400   500.9200   509.4600   0.417     977    977    977    977
 978  O   MM    489.3400   502.7700   501.9300  -0.834     978    978    978    978
 979  H   MM    488.8400   503.0600   502.6900   0.417     979    979    979    979
 980  H   MM    489.3300   503.5200   501.3300   0.417     980    980    980    980
 981  O   MM    493.0500   511.5100   498.1800  -0.834     981    981    981    981
 982  H   MM    493.4300   512.1000   497.5300   0.417     982    982    982    982
 983  H   MM    492.7000   510.7800   497.6700   0.417     983    983    983    983
 984  O   MM    500.8800   502.9700   485.6000  -0.834     984    984    984    984
 985  H   MM    500.5700   503.4800   484.8500   0.417     985    985    985    985
 986  H   MM    501.6600   502.5200   485.2800   0.417     986    986    986    986
 987  O   MM    500.7800   484.7800   507.7100  -0.834     987    987    987    987
 988  H   MM    500.8200   484.9400   506.7700   0.417     988    988    988    988
 989  H   MM    501.6800   484.5400   507.9500   0.417     989    989    989    989
 990  O   MM    515.8600   493.0500   501.3200  -0.834     990    990    990    990
 991  H   MM    516.2500   493.3000   500.4800   0.417     991    991    991    991
 992  H   MM    515.4100   493.8500   501.6200   0.417     992    992    992    992
 993  O   MM    493.9100   493.8600   485.5800  -0.834     993    993    993    993
 994  H   MM    494.2500   494.7100   485.3200   0.417     994    994    994    994
 995  H   MM    494.4500   493.2300   485.1000   0.417     995    995    995    995
 996  O   MM    507.0500   510.1700   493.0300  -0.834     996    996    996    996
 997  H   MM    507.9400   510.4300   493.2800   0.417     997    997    997    997
 998  H   MM    506.5000   510.9000   493.3200   0.417     998    998    998    998
 999  O   MM    482.9400   497.5700   500.5500  -0.834     999    999    999    999
1000  H   MM    481.9800   497.5000   500.5400   0.417    1000   1000   1000   1000
1001  H   MM    483.2400   496.7800   500.1200   0.417    1001   1001   1001   1001
1002  O   MM    507.9000   492.1400   512.1400  -0.834    1002   1002   1002   1002
1003  H   MM    508.7100   491.9900   512.6300   0.417    1003   1003   1003   1003
1004  H   MM    507.4000   491.3300   512.2500   0.417    1004   1004   1004   1004
1005  O   MM    501.5100   495.3700   488.5300  -0.834    1005   1005   1005   1005
1006  H   MM    501.9400   495.3200   489.3900   0.417    1006   1006   1006   1006
1007  H   MM    500.7400   495.9200   488.6800   0.417    1007   1007   1007   1007
1008  O   MM    495.0900   485.4400   502.6400  -0.834    1008   1008   1008   1008
1009  H   MM    495.1300   484.9800   501.7900   0.417    1009   1009   1009   1009
1010  H   MM    495.6800   484.9400   503.2000   0.417    1010   1010   1010   1010
1011  O   MM    493.3200   499.1800   497.3700  -0.834    1011   1011   1011   1011
1012  H   MM    494.0600   498.7000   497.7500   0.417    1012   1012   1012   1012
1013  H   MM    492.5800   498.5900   497.4500   0.417    1013   1013   1013   1013
1014  O   MM    501.4700   488.0100   508.4800  -0.834    1014   1014   1014   1014
1015  H   MM    500.9400   487.5500   509.1300   0.417    1015   1015   1015   1015
1016  H   MM    502.2600   488.2800   508.9600   0.417    1016   1016   1016   1016
1017  O   MM    509.5600   493.4100   487.7300  -0.834    1017   1017   1017   1017
1018  H   MM    509.5900   492.4500   487.7300   0.417    1018   1018   1018   1018
1019  H   MM    510.3800   493.6800   488.1400   0.417    1019   1019   1019   1019
1020  O   MM    502.4800   516.3200   498.8100  -0.834    1020   1020   1020   1020
1021  H   MM    502.1600   516.7800   498.0300   0.417    1021   1021   1021   1021
1022  H   MM    503.1700   516.8900   499.1500   0.417    1022   1022   1022   1022
1023  O   MM    498.4900   500.0300   517.4300  -0.834    1023   1023   1023   1023
1024  H   MM    498.4700   500.5200   516.6200   0.417    1024   1024   1024   1024
1025  H   MM    499.0300   499.2600   517.2400   0.417    1025   1025   1025   1025
1026  O   MM    511.8000   501.6200   494.6400  -0.834    1026   1026   1026   1026
1027  H   MM    512.6500   501.3800   494.2700   0.417    1027   1027   1027   1027
1028  H   MM    511.4000   502.1900   493.9800   0.417    1028   1028   1028   1028
1029  O   MM    494.9100   498.4900   492.8700  -0.834    1029   1029   1029   1029
1030  H   MM    494.1700   498.3700   492.2700   0.417    1030   1030   1030   1030
1031  H   MM    495.6300   498.7900   492.3200   0.417    1031   1031   1031   1031
1032  O   MM    500.0100   513.8700   504.6000  -0.834    1032   1032   1032   1032
1033  H   MM    500.0300   514.8200   504.6600   0.417    1033   1033   1033   1033
1034  H   MM    499.0900   513.6600   504.4200   0.417    1034   1034   1034   1034
1035  O   MM    499.2900   482.7200   496.4200  -0.834    1035   1035   1035   1035
1036  H   MM    499.1400   482.3800   497.3000   0.417    1036   1036   1036   1036
1037  H   MM    499.2800   483.6700   496.5300   0.417    1037   1037   1037   1037
1038  O   MM    511.1500   494.7600   496.5100  -0.834    1038   1038   1038   1038
1039  H   MM    510.3500   495.2600   496.3600   0.417    1039   1039   1039   1039
1040  H   MM    511.5100   494.6000   495.6400   0.417    1040   1040   1040   1040
1041  O   MM    501.3100   501.1100   506.9400  -0.834    1041   1041   1041   1041
1042  H   MM    502.1500   500.9800   507.3700   0.417    1042   1042   1042   1042
1043  H   MM    501.5100   501.6500   506.1700   0.417    1043   1043   1043   1043
1044  O   MM    509.0400   499.5300   498.1900  -0.834    1044   1044   1044   1044
1045  H   MM    509.2800   500.1100   497.4700   0.417    1045   1045   1045   1045
1046  H   MM    508.2700   499.0600   497.8800   0.417    1046   1046   1046   1046
1047  O   MM    487.5300   505.0700   489.9200  -0.834    1047   1047   1047   1047
1048  H   MM    487.6700   504.5600   489.1200   0.417    1048   1048   1048   1048
1049  H   MM    487.2100   505.9200   489.6100   0.417    1049   1049   1049   1049
1050  O   MM    514.1600   507.5100   498.4300  -0.834    1050   1050   1050   1050
1051  H   MM    514.1600   506.8700   499.1400   0.417    1051   1051   1051   1051
1052  H   MM    514.9000   507.2600   497.8800   0.417    1052   1052   1052   1052
1053  O   MM    504.7400   500.5800   490.9900  -0.834    1053   1053   1053   1053
1054  H   MM    503.9400   501.0600   491.2000   0.417    1054   1054   1054   1054
1055  H   MM    504.8500   500.7000   490.0500   0.417    1055   1055   1055   1055
1056  O   MM    484.9200   497.3900   508.7600  -0.834    1056   1056   1056   1056
1057  H   MM    485.4000   497.8300   509.4700   0.417    1057   1057   1057   1057
1058  H   MM    484.0000   497.4900   509.0000   0.417    1058   1058   1058   1058
1059  O   MM    488.5500   512.0000   494.8600  -0.834    1059   1059   1059   1059
1060  H   MM    487.9900   512.7800   494.9100   0.417    1060   1060   1060   1060
1061  H   MM    489.1700   512.1900   494.1600   0.417    1061   1061   1061   1061
1062  O   MM    497.8100   489.1300   502.5600  -0.834    1062   1062   1062   1062
1063  H   MM    497.1100   489.7800   502.6900   0.417    1063   1063   1063   1063
1064  H   MM    497.7800   488.6000   503.3600   0.417    1064   1064   1064   1064
1065  O   MM    492.5000   498.9700   483.7100  -0.834    1065   1065   1065   1065
1066  H   MM    491.8900   498.3000   484.0400   0.417    1066   1066   1066   1066
1067  H   MM    493.3600   498.5500   483.7500   0.417    1067   1067   1067   1067
1068  O   MM    496.2300   511.1200   494.6000  -0.834    1068   1068   1068   1068
1069  H   MM    495.7800   510.4800   495.1600   0.417    1069   1069   1069   1069
1070  H   MM    495.9200   510.9200   493.7200   0.417    1070   1070   1070   1070
1071  O   MM    502.6400   489.6100   487.0600  -0.834    1071   1071   1071   1071
1072  H   MM    502.7800   488.7000   487.3100   0.417    1072   1072   1072   1072
1073  H   MM    503.3500   490.0900   487.4900   0.417    1073   1073   1073   1073
1074  O   MM    492.2000   509.9000   492.0300  -0.834    1074   1074   1074   1074
1075  H   MM    492.5100   509.7000   491.1500   0.417    1075   1075   1075   1075
1076  H   MM    491.4700   510.5000   491.8900   0.417    1076   1076   1076   1076
1077  O   MM    504.3300   495.2100   495.1700  -0.834    1077   1077   1077   1077
1078  H   MM    503.8100   495.9400   495.5000   0.417    1078   1078   1078   1078
1079  H   MM    504.7500   495.5500   494.3800   0.417    1079   1079   1079   1079
1080  O   MM    496.3300   504.7700   516.2000  -0.834    1080   1080   1080   1080
1081  H   MM    496.9600   504.6200   516.9100   0.417    1081   1081   1081   1081
1082  H   MM    495.7600   504.0000   516.2300   0.417    1082   1082   1082   1082
1083  O   MM    502.6300   502.6700   504.6900  -0.834    1083   1083   1083   1083
1084  H   MM    503.5300   502.9800   504.6600   0.417    1084   1084   1084   1084
1085  H   MM    502.4500   502.3600   503.8000   0.417    1085   1085   1085   1085
1086  O   MM    512.4300   506.2600   493.5300  -0.834    1086   1086   1086   1086
1087  H   MM    511.6600   506.0500   494.0600   0.417    1087   1087   1087   1087
1088  H   MM    512.3000   507.1700   493.2600   0.417    1088   1088   1088   1088
1089  O   MM    499.6100   493.8500   496.8600  -0.834    1089   1089   1089   1089
1090  H   MM    500.5400   493.9000   496.6400   0.417    1090   1090   1090   1090
1091  H   MM    499.3200   494.7600   496.9000   0.417    1091   1091   1091   1091
1092  O   MM    500.1900   493.4800   487.0100  -0.834    1092   1092   1092   1092
1093  H   MM    499.3900   493.4900   487.5400   0.417    1093   1093   1093   1093
1094  H   MM    500.7900   494.0700   487.4700   0.417    1094   1094   1094   1094
1095  O   MM    514.7700   492.2700   495.4700  -0.834    1095   1095   1095   1095
1096  H   MM    514.8400   491.3600   495.7600   0.417    1096   1096   1096   1096
1097  H   MM    513.8600   492.3700   495.2000   0.417    1097   1097   1097   1097
1098  O   MM    497.0000   493.2600   515.1000  -0.834    1098   1098   1098   1098
1099  H   MM    496.8300   492.3600   514.8100   0.417    1099   1099   1099   1099
1100  H   MM    497.9000   493.4400   514.8400   0.417    1100   1100   1100   1100
1101  O   MM    514.3200   506.7800   506.1200  -0.834    1101   1101   1101   1101
1102  H   MM    514.3600   506.8000   507.0700   0.417    1102   1102   1102   1102
1103  H   MM    513.9200   505.9300   505.9100   0.417    1103   1103   1103   1103
1104  O   MM    487.4700   507.7300   509.2800  -0.834    1104   1104   1104   1104
1105  H   MM    487.8100   508.5700   509.6000   0.417    1105   1105   1105   1105
1106  H   MM    488.2300   507.1600   509.2600   0.417    1106   1106   1106   1106
1107  O   MM    502.3400   495.9200   482.8100  -0.834    1107   1107   1107   1107
1108  H   MM    501.6600   495.5400   482.2500   0.417    1108   1108   1108   1108
1109  H   MM    502.7800   495.1700   483.2100   0.417    1109   1109   1109   1109
1110  O   MM    502.7300   483.3400   504.6300  -0.834    1110   1110   1110   1110
1111  H   MM    501.9500   483.8800   504.7100   0.417    1111   1111   1111   1111
1112  H   MM    502.8200   483.1900   503.6800   0.417    1112   1112   1112   1112
1113  O   MM    507.5700   512.3400   508.8700  -0.834    1113   1113   1113   1113
1114  H   MM    508.1700   512.0300   508.2000   0.417    1114   1114   1114   1114
1115  H   MM    507.0900   513.0600   508.4500   0.417    1115   1115   1115   1115
1116  O   MM    504.5700   503.7100   483.3700  -0.834    1116   1116   1116   1116
1117  H   MM    504.2600   504.5900   483.1600   0.417    1117   1117   1117   1117
1118  H   MM    505.5000   503.8200   483.5700   0.417    1118   1118   1118   1118
1119  O   MM    512.0800   508.0000   496.7800  -0.834    1119   1119   1119   1119
1120  H   MM    512.8200   507.7600   497.3400   0.417    1120   1120   1120   1120
1121  H   MM    511.4900   507.2600   496.8400   0.417    1121   1121   1121   1121
1122  O   MM    489.5000   513.1800   499.8900  -0.834    1122   1122   1122   1122
1123  H   MM    489.1500   513.2300   500.7800   0.417    1123   1123   1123   1123
1124  H   MM    490.2000   513.8200   499.8700   0.417    1124   1124   1124   1124
1125  O   MM    503.1700   486.2500   494.1900  -0.834    1125   1125   1125   1125
1126  H   MM    502.2900   486.3400   493.8200   0.417    1126   1126   1126   1126
1127  H   MM    503.0500   485.7200   494.9800   0.417    1127   1127   1127   1127
1128  O   MM    499.1900   496.9900   488.2200  -0.834    1128   1128   1128   1128
1129  H   MM    498.8400   496.8900   487.3400   0.417    1129   1129   1129   1129
1130  H   MM    499.7700   497.7600   488.1700   0.417    1130   1130   1130   1130
1131  O   MM    490.2300   501.7900   495.2500  -0.834    1131   1131   1131   1131
1132  H   MM    489.6900   501.1000   495.6500   0.417    1132   1132   1132   1132
1133  H   MM    490.4400   502.3800   495.9700   0.417    1133   1133   1133   1133
1134  O   MM    506.3000   498.2700   486.0600  -0.834    1134   1134   1134   1134
1135  H   MM    505.7100   498.3100   485.3000   0.417    1135   1135   1135   1135
1136  H   MM    506.1400   497.4100   486.4400   0.417    1136   1136   1136   1136
1137  O   MM    496.6400   491.8800   486.8100  -0.834    1137   1137   1137   1137
1138  H   MM    496.2500   491.2500   487.4200   0.417    1138   1138   1138   1138
1139  H   MM    497.1700   492.4600   487.3600   0.417    1139   1139   1139   1139
1140  O   MM    497.8500   508.2400   484.9800  -0.834    1140   1140   1140   1140
1141  H   MM    497.7400   507.7300   485.7800   0.417    1141   1141   1141   1141
1142  H   MM    497.7600   507.6000   484.2800   0.417    1142   1142   1142   1142
1143  O   MM    502.7300   511.0100   512.0200  -0.834    1143   1143   1143   1143
1144  H   MM    502.8400   510.5300   512.8400   0.417    1144   1144   1144   1144
1145  H   MM    503.3300   510.5900   511.4100   0.417    1145   1145   1145   1145
1146  O   MM    512.1000   489.1900   501.8700  -0.834    1146   1146   1146   1146
1147  H   MM    512.2400   488.6200   502.6200   0.417    1147   1147   1147   1147
1148  H   MM    512.8000   489.8500   501.9500   0.417    1148   1148   1148   1148
1149  O   MM    506.9300   488.2800   510.3900  -0.834    1149   1149   1149   1149
1150  H   MM    507.0300   487.4300   509.9700   0.417    1150   1150   1150   1150
1151  H   MM    507.0700   488.9200   509.6900   0.417    1151   1151   1151   1151
1152  O   MM    498.0600   503.3400   506.4600  -0.834    1152   1152   1152   1152
1153  H   MM    498.0500   503.3500   505.5000   0.417    1153   1153   1153   1153
1154  H   MM    498.4700   504.1700   506.7000   0.417    1154   1154   1154   1154
1155  O   MM    500.6500   502.0000   490.7900  -0.834    1155   1155   1155   1155
1156  H   MM    501.1300   502.5900   491.3700   0.417    1156   1156   1156   1156
1157  H   MM    500.9000   502.2700   489.9100   0.417    1157   1157   1157   1157
1158  O   MM    493.4000   501.0600   493.6300  -0.834    1158   1158   1158   1158
1159  H   MM    492.4700   500.8200   493.6700   0.417    1159   1159   1159   1159
1160  H   MM    493.8300   500.2900   493.2600   0.417    1160   1160   1160   1160
1161  O   MM    488.4800   497.8600   508.7400  -0.834    1161   1161   1161   1161
1162  H   MM    489.0100   497.7900   509.5300   0.417    1162   1162   1162   1162
1163  H   MM    488.2200   498.7900   508.7000   0.417    1163   1163   1163   1163
1164  O   MM    492.8000   494.1100   490.5400  -0.834    1164   1164   1164   1164
1165  H   MM    493.3000   494.3200   489.7500   0.417    1165   1165   1165   1165
1166  H   MM    492.2300   493.3900   490.2700   0.417    1166   1166   1166   1166
1167  O   MM    513.6300   510.2100   500.4100  -0.834    1167   1167   1167   1167
1168  H   MM    514.4900   510.2700   500.0100   0.417    1168   1168   1168   1168
1169  H   MM    513.3400   511.1200   500.5100   0.417    1169   1169   1169   1169
1170  O   MM    494.0800   513.2800   490.0000  -0.834    1170   1170   1170   1170
1171  H   MM    494.3400   514.0200   489.4500   0.417    1171   1171   1171   1171
1172  H   MM    493.7000   512.6500   489.4000   0.417    1172   1172   1172   1172
1173  O   MM    501.3100   506.9100   501.0800  -0.834    1173   1173   1173   1173
1174  H   MM    500.7700   506.5600   501.7800   0.417    1174   1174   1174   1174
1175  H   MM    501.8600   507.5700   501.5000   0.417    1175   1175   1175   1175
1176  O   MM    487.0800   502.5700   497.6000  -0.834    1176   1176   1176   1176
1177  H   MM    487.3900   502.1600   498.4100   0.417    1177   1177   1177   1177
1178  H   MM    486.4200   501.9600   497.2600   0.417    1178   1178   1178   1178
1179  O   MM    490.8400   492.5800   510.3800  -0.834    1179   1179   1179   1179
1180  H   MM    490.0200   492.1000   510.5000   0.417    1180   1180   1180   1180
1181  H   MM    491.0500   492.4900   509.4500   0.417    1181   1181   1181   1181
1182  O   MM    492.8800   507.3700   493.4900  -0.834    1182   1182   1182   1182
1183  H   MM    493.1100   508.1700   493.0100   0.417    1183   1183   1183   1183
1184  H   MM    493.7200   506.9300   493.6300   0.417    1184   1184   1184   1184
1185  O   MM    507.4500   486.6900   501.9300  -0.834    1185   1185   1185   1185
1186  H   MM    507.0400   485.8900   502.2800   0.417    1186   1186   1186   1186
1187  H   MM    506.8400   487.3900   502.1700   0.417    1187   1187   1187   1187
1188  O   MM    506.9200   507.5500   487.8400  -0.834    1188   1188   1188   1188
1189  H   MM    507.2800   507.1900   488.6500   0.417    1189   1189   1189   1189
1190  H   MM    505.9800   507.4800   487.9500   0.417    1190   1190   1190   1190
1191  O   MM    509.9600   509.8500   510.4700  -0.834    1191   1191   1191   1191
1192  H   MM    509.6000   510.6600   510.8200   0.417    1192   1192   1192   1192
1193  H   MM    510.4600   510.1100   509.7000   0.417    1193   1193   1193   1193
1194  O   MM    496.1000   484.7500   492.4000  -0.834    1194   1194   1194   1194
1195  H   MM    495.6600   485.2200   491.6900   0.417    1195   1195   1195   1195
1196  H   MM    495.4700   484.7800   493.1200   0.417    1196   1196   1196   1196
1197  O   MM    511.1700   510.3400   508.1000  -0.834    1197   1197   1197   1197
1198  H   MM    511.1100   509.4700   507.7000   0.417    1198   1198   1198   1198
1199  H   MM    511.4400   510.9200   507.3900   0.417    1199   1199   1199   1199
1200  O   MM    490.6500   495.9900   488.3900  -0.834    1200   1200   1200   1200
1201  H   MM    490.8900   495.2600   487.8200   0.417    1201   1201   1201   1201
1202  H   MM    490.0900   496.5400   487.8400   0.417    1202   1202   1202   1202
1203  O   MM    491.3400   501.2500   485.1500  -0.834    1203   1203   1203   1203
1204  H   MM    491.6300   501.6900   484.3500   0.417    1204   1204   1204   1204
1205  H   MM    491.4900   500.3200   484.9900   0.417    1205   1205   1205   1205
1206  O   MM    503.5500   514.1100   497.1400  -0.834    1206   1206   1206   1206
1207  H   MM    504.4800   513.9500   497.3100   0.417    1207   1207   1207   1207
1208  H   MM    503.2800   514.7000   497.8400   0.417    1208   1208   1208   1208
1209  O   MM    503.0400   487.2400   488.3500  -0.834    1209   1209   1209   1209
1210  H   MM    503.8700   487.1800   488.8400   0.417    1210   1210   1210   1210
1211  H   MM    502.4800   486.5700   488.7400   0.417    1211   1211   1211   1211
1212  O   MM    510.5100   505.6600   512.1000  -0.834    1212   1212   1212   1212
1213  H   MM    509.8600   506.3100   511.8300   0.417    1213   1213   1213   1213
1214  H   MM    510.8100   505.9600   512.9500   0.417    1214   1214   1214   1214
1215  O   MM    495.3700   504.7100   490.9000  -0.834    1215   1215   1215   1215
1216  H   MM    495.3900   505.6200   491.2100   0.417    1216   1216   1216   1216
1217  H   MM    494.6700   504.3000   491.4100   0.417    1217   1217   1217   1217
1218  O   MM    486.9900   497.7300   488.6500  -0.834    1218   1218   1218   1218
1219  H   MM    487.2400   497.5500   489.5600   0.417    1219   1219   1219   1219
1220  H   MM    486.0800   498.0100   488.7000   0.417    1220   1220   1220   1220
1221  O   MM    495.7600   499.8900   517.4300  -0.834    1221   1221   1221   1221
1222  H   MM    495.5600   499.0000   517.7300   0.417    1222   1222   1222   1222
1223  H   MM    496.7000   499.9800   517.5600   0.417    1223   1223   1223   1223
1224  O   MM    502.4400   497.0300   495.9100  -0.834    1224   1224   1224   1224
1225  H   MM    501.7700   497.3700   496.5100   0.417    1225   1225   1225   1225
1226  H   MM    501.9500   496.7900   495.1300   0.417    1226   1226   1226   1226
1227  O   MM    501.2600   517.0600   496.4600  -0.834    1227   1227   1227   1227
1228  H   MM    500.9700   516.2500   496.0500   0.417    1228   1228   1228   1228
1229  H   MM    500.5700   517.6900   496.2500   0.417    1229   1229   1229   1229
1230  O   MM    510.6000   509.7400   490.4000  -0.834    1230   1230   1230   1230
1231  H   MM    511.0400   509.5400   491.2300   0.417    1231   1231   1231   1231
1232  H   MM    510.8500   509.0300   489.8100   0.417    1232   1232   1232   1232
1233  O   MM    490.1400   489.7700   491.1700  -0.834    1233   1233   1233   1233
1234  H   MM    489.2700   489.3800   491.2100   0.417    1234   1234   1234   1234
1235  H   MM    490.0800   490.5600   491.7000   0.417    1235   1235   1235   1235
1236  O   MM    501.4500   487.9900   513.0600  -0.834    1236   1236   1236   1236
1237  H   MM    501.4700   488.6500   512.3600   0.417    1237   1237   1237   1237
1238  H   MM    500.7100   487.4300   512.8500   0.417    1238   1238   1238   1238
1239  O   MM    495.5200   513.5900   499.6800  -0.834    1239   1239   1239   1239
1240  H   MM    495.4800   512.7300   499.2600   0.417    1240   1240   1240   1240
1241  H   MM    496.4000   513.6300   500.0500   0.417    1241   1241   1241   1241
1242  O   MM    515.7700   497.1000   494.8300  -0.834    1242   1242   1242   1242
1243  H   MM    515.7800   496.1700   494.5800   0.417    1243   1243   1243   1243
1244  H   MM    516.6300   497.4300   494.5500   0.417    1244   1244   1244   1244
1245  O   MM    514.4300   495.3300   502.0300  -0.834    1245   1245   1245   1245
1246  H   MM    514.0900   495.7100   501.2200   0.417    1246   1246   1246   1246
1247  H   MM    513.8500   495.6700   502.7200   0.417    1247   1247   1247   1247
1248  O   MM    503.6600   502.2900   501.4100  -0.834    1248   1248   1248   1248
1249  H   MM    503.2500   501.6600   500.8200   0.417    1249   1249   1249   1249
1250  H   MM    504.1600   501.7600   502.0200   0.417    1250   1250   1250   1250
1251  O   MM    510.5100   488.3400   508.4600  -0.834    1251   1251   1251   1251
1252  H   MM    510.5400   488.2800   509.4200   0.417    1252   1252   1252   1252
1253  H   MM    509.5700   488.3300   508.2500   0.417    1253   1253   1253   1253
1254  O   MM    503.1100   503.5400   512.3300  -0.834    1254   1254   1254   1254
1255  H   MM    503.3400   503.7200   511.4200   0.417    1255   1255   1255   1255
1256  H   MM    502.4200   504.1700   512.5400   0.417    1256   1256   1256   1256
1257  O   MM    506.1100   483.1000   499.4100  -0.834    1257   1257   1257   1257
1258  H   MM    505.7100   483.8600   499.8400   0.417    1258   1258   1258   1258
1259  H   MM    506.1800   483.3600   498.4900   0.417    1259   1259   1259   1259
1260  O   MM    511.3100   498.6000   487.0700  -0.834    1260   1260   1260   1260
1261  H   MM    512.1300   499.0900   487.0000   0.417    1261   1261   1261   1261
1262  H   MM    510.6600   499.1900   486.6800   0.417    1262   1262   1262   1262
1263  O   MM    513.4800   492.6000   508.0200  -0.834    1263   1263   1263   1263
1264  H   MM    513.0800   492.5200   507.1600   0.417    1264   1264   1264   1264
1265  H   MM    512.7400   492.7600   508.6100   0.417    1265   1265   1265   1265
1266  O   MM    495.2700   506.0000   493.8700  -0.834    1266   1266   1266   1266
1267  H   MM    496.1600   506.1200   494.2100   0.417    1267   1267   1267   1267
1268  H   MM    495.2200   505.0700   493.6700   0.417    1268   1268   1268   1268
1269  O   MM    513.1300   498.7000   493.0400  -0.834    1269   1269   1269   1269
1270  H   MM    513.4000   498.5400   493.9400   0.417    1270   1270   1270   1270
1271  H   MM    512.1800   498.6000   493.0500   0.417    1271   1271   1271   1271
1272  O   MM    493.5400   503.5700   484.6600  -0.834    1272   1272   1272   1272
1273  H   MM    492.9500   503.7200   485.4000   0.417    1273   1273   1273   1273
1274  H   MM    494.0000   504.4100   484.5500   0.417    1274   1274   1274   1274
1275  O   MM    513.0400   498.9800   500.6600  -0.834    1275   1275   1275   1275
1276  H   MM    513.6700   498.8700   501.3700   0.417    1276   1276   1276   1276
1277  H   MM    513.5300   498.7700   499.8600   0.417    1277   1277   1277   1277
1278  O   MM    494.2700   485.1000   494.4500  -0.834    1278   1278   1278   1278
1279  H   MM    493.4100   485.2500   494.0700   0.417    1279   1279   1279   1279
1280  H   MM    494.4500   485.8800   494.9700   0.417    1280   1280   1280   1280
1281  O   MM    498.7700   504.5300   488.9800  -0.834    1281   1281   1281   1281
1282  H   MM    498.0000   503.9800   488.8700   0.417    1282   1282   1282   1282
1283  H   MM    498.8600   504.6500   489.9300   0.417    1283   1283   1283   1283
1284  O   MM    491.4000   503.2100   489.4600  -0.834    1284   1284   1284   1284
1285  H   MM    490.6000   503.2200   489.9900   0.417    1285   1285   1285   1285
1286  H   MM    491.9200   502.4900   489.8200   0.417    1286   1286   1286   1286
1287  O   MM    503.8100   491.3800   501.9600  -0.834    1287   1287   1287   1287
1288  H   MM    504.3300   492.1300   502.2500   0.417    1288   1288   1288   1288
1289  H   MM    503.1600   491.2700   502.6500   0.417    1289   1289   1289   1289
1290  O   MM    497.8700   501.8400   490.8700  -0.834    1290   1290   1290   1290
1291  H   MM    497.8500   501.1700   490.2000   0.417    1291   1291   1291   1291
1292  H   MM    498.8000   502.0300   491.0100   0.417    1292   1292   1292   1292
1293  O   MM    488.2800   507.7600   495.5700  -0.834    1293   1293   1293   1293
1294  H   MM    488.1900   506.8500   495.8700   0.417    1294   1294   1294   1294
1295  H   MM    488.8800   507.7000   494.8200   0.417    1295   1295   1295   1295
1296  O   MM    504.4800   507.8700   497.0600  -0.834    1296   1296   1296   1296
1297  H   MM    503.6800   507.6100   497.5200   0.417    1297   1297   1297   1297
1298  H   MM    504.2200   508.6200   496.5200   0.417    1298   1298   1298   1298
1299  O   MM    495.6600   510.4800   487.1100  -0.834    1299   1299   1299   1299
1300  H   MM    496.2600   510.7200   486.4000   0.417    1300   1300   1300   1300
1301  H   MM    496.0200   509.6600   487.4600   0.417    1301   1301   1301   1301
1302  O   MM    488.9700   496.6800   500.0500  -0.834    1302   1302   1302   1302
1303  H   MM    489.2800   497.1000   500.8500   0.417    1303   1303   1303   1303
1304  H   MM    489.6400   496.8900   499.4000   0.417    1304   1304   1304   1304
1305  O   MM    503.4500   487.6700   506.0600  -0.834    1305   1305   1305   1305
1306  H   MM    502.6400   487.9000   506.5200   0.417    1306   1306   1306   1306
1307  H   MM    503.6300   486.7700   506.3400   0.417    1307   1307   1307   1307
1308  O   MM    510.5900   494.1300   504.1300  -0.834    1308   1308   1308   1308
1309  H   MM    510.4700   493.4700   503.4400   0.417    1309   1309   1309   1309
1310  H   MM    509.7200   494.5200   504.2300   0.417    1310   1310   1310   1310
1311  O   MM    488.1700   492.1800   503.7900  -0.834    1311   1311   1311   1311
1312  H   MM    488.0600   492.5600   504.6700   0.417    1312   1312   1312   1312
1313  H   MM    488.0800   491.2400   503.9300   0.417    1313   1313   1313   1313
1314  O   MM    498.6200   509.6300   501.8100  -0.834    1314   1314   1314   1314
1315  H   MM    498.6000   508.8700   501.2300   0.417    1315   1315   1315   1315
1316  H   MM    497.7100   509.9200   501.8500   0.417    1316   1316   1316   1316
1317  O   MM    508.0800   512.0000   505.9000  -0.834    1317   1317   1317   1317
1318  H   MM    508.4000   511.9100   505.0100   0.417    1318   1318   1318   1318
1319  H   MM    508.1000   511.1000   506.2500   0.417    1319   1319   1319   1319
1320  O   MM    495.0900   514.9400   507.4500  -0.834    1320   1320   1320   1320
1321  H   MM    494.2300   515.1900   507.1200   0.417    1321   1321   1321   1321
1322  H   MM    495.5200   514.5100   506.7100   0.417    1322   1322   1322   1322
1323  O   MM    513.5000   498.3100   495.7600  -0.834    1323   1323   1323   1323
1324  H   MM    513.7900   499.2200   495.8300   0.417    1324   1324   1324   1324
1325  H   MM    514.3000   497.8100   495.6400   0.417    1325   1325   1325   1325
1326  O   MM    511.8200   499.2300   490.2700  -0.834    1326   1326   1326   1326
1327  H   MM    511.2800   498.7100   489.6800   0.417    1327   1327   1327   1327
1328  H   MM    512.6400   498.7500   490.3300   0.417    1328   1328   1328   1328
1329  O   MM    501.9900   487.6700   491.8500  -0.834    1329   1329   1329   1329
1330  H   MM    502.5300   486.8800   491.7600   0.417    1330   1330   1330   1330
1331  H   MM    502.5500   488.3000   492.2800   0.417    1331   1331   1331   1331
1332  O   MM    495.2500   488.1600   499.5300  -0.834    1332   1332   1332   1332
1333  H   MM    495.4200   488.7300   500.2900   0.417    1333   1333   1333   1333
1334  H   MM    495.6100   488.6400   498.7900   0.417    1334   1334   1334   1334
1335  O   MM    498.0700   488.0200   507.9800  -0.834    1335   1335   1335   1335
1336  H   MM    498.2700   487.1600   508.3500   0.417    1336   1336   1336   1336
1337  H   MM    498.2900   488.6400   508.6700   0.417    1337   1337   1337   1337
1338  O   MM    503.1200   500.3900   512.3500  -0.834    1338   1338   1338   1338
1339  H   MM    503.5300   500.9300   513.0300   0.417    1339   1339   1339   1339
1340  H   MM    503.7400   500.4000   511.6300   0.417    1340   1340   1340   1340
1341  O   MM    500.6800   485.1700   504.9100  -0.834    1341   1341   1341   1341
1342  H   MM    499.9700   484.8700   504.3500   0.417    1342   1342   1342   1342
1343  H   MM    500.9100   486.0300   504.5500   0.417    1343   1343   1343   1343
1344  O   MM    503.7100   492.2400   493.5400  -0.834    1344   1344   1344   1344
1345  H   MM    503.0700   492.8500   493.1800   0.417    1345   1345   1345   1345
1346  H   MM    504.5000   492.7800   493.6600   0.417    1346   1346   1346   1346
1347  O   MM    511.0700   497.4400   494.7800  -0.834    1347   1347   1347   1347
1348  H   MM    510.3200   497.5500   495.3700   0.417    1348   1348   1348   1348
1349  H   MM    511.8200   497.7600   495.2800   0.417    1349   1349   1349   1349
1350  O   MM    516.6200   501.5800   499.1600  -0.834    1350   1350   1350   1350
1351  H   MM    515.7900   501.9400   499.4800   0.417    1351   1351   1351   1351
1352  H   MM    516.9400   502.2400   498.5500   0.417    1352   1352   1352   1352
1353  O   MM    483.3500   502.6000   504.0500  -0.834    1353   1353   1353   1353
1354  H   MM    484.1200   502.0700   504.2500   0.417    1354   1354   1354   1354
1355  H   MM    482.6500   501.9500   503.8900   0.417    1355   1355   1355   1355
1356  O   MM    505.9700   515.7700   498.6100  -0.834    1356   1356   1356   1356
1357  H   MM    505.6200   516.1600   497.8100   0.417    1357   1357   1357   1357
1358  H   MM    505.4300   516.1400   499.3100   0.417    1358   1358   1358   1358
1359  O   MM    512.6300   512.7400   500.5600  -0.834    1359   1359   1359   1359
1360  H   MM    512.2100   512.6000   501.4000   0.417    1360   1360   1360   1360
1361  H   MM    511.9100   512.9300   499.9600   0.417    1361   1361   1361   1361
1362  O   MM    508.7800   504.2100   503.9100  -0.834    1362   1362   1362   1362
1363  H   MM    508.4000   504.4200   504.7600   0.417    1363   1363   1363   1363
1364  H   MM    509.6600   504.6000   503.9400   0.417    1364   1364   1364   1364
1365  O   MM    502.3700   493.6200   496.5200  -0.834    1365   1365   1365   1365
1366  H   MM    502.8000   492.7700   496.3900   0.417    1366   1366   1366   1366
1367  H   MM    502.9600   494.2500   496.1100   0.417    1367   1367   1367   1367
1368  O   MM    492.5000   497.3500   515.0500  -0.834    1368   1368   1368   1368
1369  H   MM    493.0800   498.1000   515.1500   0.417    1369   1369   1369   1369
1370  H   MM    493.0700   496.5900   515.1100   0.417    1370   1370   1370   1370
1371  O   MM    488.1200   503.8500   504.0900  -0.834    1371   1371   1371   1371
1372  H   MM    487.4900   503.3400   504.6100   0.417    1372   1372   1372   1372
1373  H   MM    487.5800   504.4600   503.6000   0.417    1373   1373   1373   1373
1374  O   MM    510.8400   501.7300   491.2600  -0.834    1374   1374   1374   1374
1375  H   MM    510.8900   500.8300   490.9400   0.417    1375   1375   1375   1375
1376  H   MM    510.0800   502.1000   490.8200   0.417    1376   1376   1376   1376
1377  O   MM    504.1100   498.2400   493.5500  -0.834    1377   1377   1377   1377
1378  H   MM    504.0100   498.7500   494.3500   0.417    1378   1378   1378   1378
1379  H   MM    503.2100   498.0200   493.2900   0.417    1379   1379   1379   1379
1380  O   MM    498.9200   506.0200   506.8500  -0.834    1380   1380   1380   1380
1381  H   MM    498.0800   506.3000   507.2200   0.417    1381   1381   1381   1381
1382  H   MM    499.1900   506.7500   506.2900   0.417    1382   1382   1382   1382
1383  O   MM    491.1900   492.8300   497.3100  -0.834    1383   1383   1383   1383
1384  H   MM    490.7300   493.2800   498.0200   0.417    1384   1384   1384   1384
1385  H   MM    491.5000   492.0200   497.7100   0.417    1385   1385   1385   1385
1386  O   MM    506.1800   503.7500   486.3700  -0.834    1386   1386   1386   1386
1387  H   MM    506.7000   503.0800   485.9200   0.417    1387   1387   1387   1387
1388  H   MM    506.5600   504.5800   486.0800   0.417    1388   1388   1388   1388
1389  O   MM    492.3000   502.0200   515.1000  -0.834    1389   1389   1389   1389
1390  H   MM    492.0100   501.8200   515.9900   0.417    1390   1390   1390   1390
1391  H   MM    493.2400   502.2000   515.1900   0.417    1391   1391   1391   1391
1392  O   MM    508.9600   512.0200   491.0600  -0.834    1392   1392   1392   1392
1393  H   MM    508.2700   511.4300   490.7700   0.417    1393   1393   1393   1393
1394  H   MM    509.7700   511.6200   490.7500   0.417    1394   1394   1394   1394
1395  O   MM    504.8900   501.9500   488.5500  -0.834    1395   1395   1395   1395
1396  H   MM    504.3400   502.6600   488.8800   0.417    1396   1396   1396   1396
1397  H   MM    505.0100   502.1500   487.6300   0.417    1397   1397   1397   1397
1398  O   MM    489.1700   498.0100   487.0400  -0.834    1398   1398   1398   1398
1399  H   MM    488.3900   497.8000   487.5600   0.417    1399   1399   1399   1399
1400  H   MM    489.0500   498.9300   486.8000   0.417    1400   1400   1400   1400
1401  O   MM    497.9100   513.6600   500.9100  -0.834    1401   1401   1401   1401
1402  H   MM    497.9800   513.7900   501.8600   0.417    1402   1402   1402   1402
1403  H   MM    498.7100   513.2000   500.6700   0.417    1403   1403   1403   1403
1404  O   MM    511.5700   487.7300   504.1800  -0.834    1404   1404   1404   1404
1405  H   MM    510.6800   487.9900   503.9500   0.417    1405   1405   1405   1405
1406  H   MM    511.7700   488.2200   504.9800   0.417    1406   1406   1406   1406
1407  O   MM    501.7400   502.2300   494.1900  -0.834    1407   1407   1407   1407
1408  H   MM    502.5900   501.7800   494.2100   0.417    1408   1408   1408   1408
1409  H   MM    501.1000   501.5300   494.3200   0.417    1409   1409   1409   1409
1410  O   MM    504.0700   494.3400   490.1800  -0.834    1410   1410   1410   1410
1411  H   MM    504.7800   494.5300   490.7900   0.417    1411   1411   1411   1411
1412  H   MM    504.3600   494.7300   489.3500   0.417    1412   1412   1412   1412
1413  O   MM    500.1000   516.6900   504.8700  -0.834    1413   1413   1413   1413
1414  H   MM    500.7500   516.9400   504.2100   0.417    1414   1414   1414   1414
1415  H   MM    500.6000   516.5500   505.6700   0.417    1415   1415   1415   1415
1416  O   MM    504.7400   516.7400   496.3200  -0.834    1416   1416   1416   1416
1417  H   MM    505.1500   516.5600   495.4700   0.417    1417   1417   1417   1417
1418  H   MM    503.8000   516.6900   496.1400   0.417    1418   1418   1418   1418
1419  O   MM    495.1100   502.0900   515.8800  -0.834    1419   1419   1419   1419
1420  H   MM    495.2500   501.6200   515.0600   0.417    1420   1420   1420   1420
1421  H   MM    495.2900   501.4500   516.5600   0.417    1421   1421   1421   1421
1422  O   MM    502.1400   485.8800   500.6800  -0.834    1422   1422   1422   1422
1423  H   MM    502.0000   486.5100   501.3900   0.417    1423   1423   1423   1423
1424  H   MM    501.2600   485.6000   500.4400   0.417    1424   1424   1424   1424
1425  O   MM    490.5900   487.8400   497.9500  -0.834    1425   1425   1425   1425
1426  H   MM    491.0100   486.9900   497.8100   0.417    1426   1426   1426   1426
1427  H   MM    489.8100   487.8100   497.3900   0.417    1427   1427   1427   1427
1428  O   MM    508.3000   509.3400   506.7300  -0.834    1428   1428   1428   1428
1429  H   MM    508.9300   508.9200   507.3100   0.417    1429   1429   1429   1429
1430  H   MM    508.1000   508.6700   506.0700   0.417    1430   1430   1430   1430
1431  O   MM    495.9200   488.3300   512.0000  -0.834    1431   1431   1431   1431
1432  H   MM    495.8300   487.8400   511.1800   0.417    1432   1432   1432   1432
1433  H   MM    496.1300   487.6700   512.6600   0.417    1433   1433   1433   1433
1434  O   MM    486.5500   492.6400   492.7100  -0.834    1434   1434   1434   1434
1435  H   MM    486.3700   493.4300   492.2000   0.417    1435   1435   1435   1435
1436  H   MM    487.3100   492.2400   492.2800   0.417    1436   1436   1436   1436
1437  O   MM    500.2400   512.0600   501.9900  -0.834    1437   1437   1437   1437
1438  H   MM    499.8900   512.3200   502.8400   0.417    1438   1438   1438   1438
1439  H   MM    499.8200   511.2100   501.8100   0.417    1439   1439   1439   1439
1440  O   MM    488.9400   510.1700   509.5200  -0.834    1440   1440   1440   1440
1441  H   MM    488.9700   510.0200   508.5700   0.417    1441   1441   1441   1441
1442  H   MM    488.4800   511.0000   509.6100   0.417    1442   1442   1442   1442
1443  O   MM    485.0300   502.3300   500.9400  -0.834    1443   1443   1443   1443
1444  H   MM    485.6100   501.7900   501.4800   0.417    1444   1444   1444   1444
1445  H   MM    485.3000   503.2300   501.1300   0.417    1445   1445   1445   1445
1446  O   MM    506.6700   513.4500   496.3300  -0.834    1446   1446   1446   1446
1447  H   MM    506.9700   512.6100   496.6800   0.417    1447   1447   1447   1447
1448  H   MM    507.2200   514.1000   496.7700   0.417    1448   1448   1448   1448
1449  O   MM    498.1700   494.2500   506.0500  -0.834    1449   1449   1449   1449
1450  H   MM    497.3000   493.9400   506.2800   0.417    1450   1450   1450   1450
1451  H   MM    498.1100   495.2000   506.1100   0.417    1451   1451   1451   1451
1452  O   MM    509.8100   514.2200   502.2800  -0.834    1452   1452   1452   1452
1453  H   MM    509.2200   514.3800   501.5500   0.417    1453   1453   1453   1453
1454  H   MM    509.3400   514.5700   503.0400   0.417    1454   1454   1454   1454
1455  O   MM    485.9700   503.7000   507.3700  -0.834    1455   1455   1455   1455
1456  H   MM    485.3000   504.1900   506.8900   0.417    1456   1456   1456   1456
1457  H   MM    486.5800   504.3600   507.6900   0.417    1457   1457   1457   1457
1458  O   MM    490.8200   503.1500   507.0500  -0.834    1458   1458   1458   1458
1459  H   MM    491.3200   503.9600   507.0100   0.417    1459   1459   1459   1459
1460  H   MM    491.4700   502.4500   506.9400   0.417    1460   1460   1460   1460
1461  O   MM    504.6000   501.7800   494.6800  -0.834    1461   1461   1461   1461
1462  H   MM    505.2500   502.1100   495.2900   0.417    1462   1462   1462   1462
1463  H   MM    505.0500   501.7700   493.8300   0.417    1463   1463   1463   1463
1464  O   MM    509.8300   491.8100   507.3100  -0.834    1464   1464   1464   1464
1465  H   MM    510.4800   491.6800   506.6200   0.417    1465   1465   1465   1465
1466  H   MM    510.3000   492.2800   508.0000   0.417    1466   1466   1466   1466
1467  O   MM    499.0000   503.7900   517.3500  -0.834    1467   1467   1467   1467
1468  H   MM    498.7800   503.0600   516.7700   0.417    1468   1468   1468   1468
1469  H   MM    499.9500   503.7400   517.4400   0.417    1469   1469   1469   1469
1470  O   MM    487.3900   492.9700   497.4000  -0.834    1470   1470   1470   1470
1471  H   MM    487.2100   492.9700   496.4600   0.417    1471   1471   1471   1471
1472  H   MM    488.1400   492.3800   497.5000   0.417    1472   1472   1472   1472
1473  O   MM    498.6900   500.5400   504.6900  -0.834    1473   1473   1473   1473
1474  H   MM    499.2000   500.1400   503.9800   0.417    1474   1474   1474   1474
1475  H   MM    498.5600   501.4400   504.4200   0.417    1475   1475   1475   1475
1476  O   MM    490.2100   500.6200   513.1700  -0.834    1476   1476   1476   1476
1477  H   MM    491.0100   500.4500   513.6700   0.417    1477   1477   1477   1477
1478  H   MM    490.1500   501.5700   513.1100   0.417    1478   1478   1478   1478
1479  O   MM    503.3300   495.8600   514.4600  -0.834    1479   1479   1479   1479
1480  H   MM    503.0800   495.1200   513.9000   0.417    1480   1480   1480   1480
1481  H   MM    502.9800   496.6300   514.0100   0.417    1481   1481   1481   1481
1482  O   MM    501.5200   515.9100   507.0600  -0.834    1482   1482   1482   1482
1483  H   MM    502.4300   515.7200   507.2800   0.417    1483   1483   1483   1483
1484  H   MM    501.0200   515.5600   507.7900   0.417    1484   1484   1484   1484
1485  O   MM    503.3700   489.5300   493.3800  -0.834    1485   1485   1485   1485
1486  H   MM    504.2400   489.2300   493.6300   0.417    1486   1486   1486   1486
1487  H   MM    503.4600   490.4700   493.2500   0.417    1487   1487   1487   1487
1488  O   MM    495.0000   488.1100   505.8700  -0.834    1488   1488   1488   1488
1489  H   MM    494.5200   487.2900   505.8300   0.417    1489   1489   1489   1489
1490  H   MM    494.8000   488.5500   505.0500   0.417    1490   1490   1490   1490
1491  O   MM    484.0800   502.7400   495.0000  -0.834    1491   1491   1491   1491
1492  H   MM    483.2600   502.2800   495.1900   0.417    1492   1492   1492   1492
1493  H   MM    484.1200   503.4400   495.6500   0.417    1493   1493   1493   1493
1494  O   MM    504.2200   507.2800   487.9800  -0.834    1494   1494   1494   1494
1495  H   MM    503.9700   506.4700   487.5300   0.417    1495   1495   1495   1495
1496  H   MM    503.6600   507.3100   488.7500   0.417    1496   1496   1496   1496
1497  O   MM    506.2400   489.9000   512.4500  -0.834    1497   1497   1497   1497
1498  H   MM    506.5100   489.3200   511.7400   0.417    1498   1498   1498   1498
1499  H   MM    505.8300   489.3200   513.0900   0.417    1499   1499   1499   1499
1500  O   MM    484.0500   506.9000   503.2600  -0.834    1500   1500   1500   1500
1501  H   MM    483.7400   506.1100   502.8200   0.417    1501   1501   1501   1501
1502  H   MM    484.0700   507.5700   502.5700   0.417    1502   1502   1502   1502
1503  O   MM    497.1700   503.3400   493.3300  -0.834    1503   1503   1503   1503
1504  H   MM    497.0500   502.4500   493.6700   0.417    1504   1504   1504   1504
1505  H   MM    496.9800   503.2600   492.3900   0.417    1505   1505   1505   1505
1506  O   MM    495.1600   513.0600   502.5200  -0.834    1506   1506   1506   1506
1507  H   MM    495.0300   513.4000   501.6300   0.417    1507   1507   1507   1507
1508  H   MM    494.2800   513.0900   502.9100   0.417    1508   1508   1508   1508
1509  O   MM    506.6800   508.1600   509.6100  -0.834    1509   1509   1509   1509
1510  H   MM    505.8100   508.5600   509.6200   0.417    1510   1510   1510   1510
1511  H   MM    507.1800   508.6800   508.9700   0.417    1511   1511   1511   1511
1512  O   MM    501.5200   508.7500   508.9800  -0.834    1512   1512   1512   1512
1513  H   MM    501.3900   508.1700   508.2300   0.417    1513   1513   1513   1513
1514  H   MM    500.7900   509.3700   508.9300   0.417    1514   1514   1514   1514
1515  O   MM    489.6800   494.4100   493.7900  -0.834    1515   1515   1515   1515
1516  H   MM    489.2700   495.0200   494.4000   0.417    1516   1516   1516   1516
1517  H   MM    489.8300   494.9300   493.0000   0.417    1517   1517   1517   1517
1518  O   MM    492.7500   508.8900   507.5000  -0.834    1518   1518   1518   1518
1519  H   MM    492.7100   509.8000   507.2100   0.417    1519   1519   1519   1519
1520  H   MM    491.9800   508.4700   507.1100   0.417    1520   1520   1520   1520
1521  O   MM    500.4100   489.1500   506.2500  -0.834    1521   1521   1521   1521
1522  H   MM    499.4800   489.2700   506.4100   0.417    1522   1522   1522   1522
1523  H   MM    500.7500   488.7900   507.0700   0.417    1523   1523   1523   1523
1524  O   MM    497.1800   504.8800   513.5500  -0.834    1524   1524   1524   1524
1525  H   MM    496.5700   504.3400   513.0600   0.417    1525   1525   1525   1525
1526  H   MM    496.8600   504.8500   514.4500   0.417    1526   1526   1526   1526
1527  O   MM    489.1800   503.1200   491.0200  -0.834    1527   1527   1527   1527
1528  H   MM    488.5500   503.7800   490.7600   0.417    1528   1528   1528   1528
1529  H   MM    488.7600   502.6400   491.7400   0.417    1529   1529   1529   1529
1530  O   MM    490.3600   496.8900   513.5000  -0.834    1530   1530   1530   1530
1531  H   MM    489.5400   497.0900   513.9500   0.417    1531   1531   1531   1531
1532  H   MM    491.0400   497.1000   514.1300   0.417    1532   1532   1532   1532
1533  O   MM    489.0400   486.8600   503.7200  -0.834    1533   1533   1533   1533
1534  H   MM    489.8900   486.4800   503.4800   0.417    1534   1534   1534   1534
1535  H   MM    489.0700   486.9300   504.6700   0.417    1535   1535   1535   1535
1536  O   MM    501.9300   495.1700   506.8900  -0.834    1536   1536   1536   1536
1537  H   MM    501.6800   494.4100   506.3700   0.417    1537   1537   1537   1537
1538  H   MM    502.8900   495.1400   506.9100   0.417    1538   1538   1538   1538
1539  O   MM    490.2300   508.4700   499.1900  -0.834    1539   1539   1539   1539
1540  H   MM    490.0900   509.1300   498.5100   0.417    1540   1540   1540   1540
1541  H   MM    489.3800   508.0500   499.3000   0.417    1541   1541   1541   1541
1542  O   MM    508.1100   485.9200   495.5100  -0.834    1542   1542   1542   1542
1543  H   MM    509.0200   486.0400   495.7800   0.417    1543   1543   1543   1543
1544  H   MM    507.8700   485.0500   495.8300   0.417    1544   1544   1544   1544
1545  O   MM    505.2500   512.3700   487.5900  -0.834    1545   1545   1545   1545
1546  H   MM    504.4000   512.6800   487.8800   0.417    1546   1546   1546   1546
1547  H   MM    505.8800   512.8600   488.1300   0.417    1547   1547   1547   1547
1548  O   MM    496.9200   510.7000   498.8300  -0.834    1548   1548   1548   1548
1549  H   MM    497.2100   509.9500   498.3100   0.417    1549   1549   1549   1549
1550  H   MM    497.7200   511.2100   498.9800   0.417    1550   1550   1550   1550
1551  O   MM    507.9000   496.6100   501.3800  -0.834    1551   1551   1551   1551
1552  H   MM    507.4500   497.3900   501.0500   0.417    1552   1552   1552   1552
1553  H   MM    507.5200   495.8900   500.8800   0.417    1553   1553   1553   1553
1554  O   MM    484.0300   496.4200   496.6500  -0.834    1554   1554   1554   1554
1555  H   MM    484.9100   496.3400   497.0400   0.417    1555   1555   1555   1555
1556  H   MM    483.4700   495.9100   497.2400   0.417    1556   1556   1556   1556
1557  O   MM    488.1700   497.8600   503.4000  -0.834    1557   1557   1557   1557
1558  H   MM    487.8700   497.1900   504.0100   0.417    1558   1558   1558   1558
1559  H   MM    487.5600   497.8000   502.6600   0.417    1559   1559   1559   1559
1560  O   MM    504.0100   504.8400   509.7900  -0.834    1560   1560   1560   1560
1561  H   MM    503.2000   505.3200   509.5800   0.417    1561   1561   1561   1561
1562  H   MM    504.2900   504.4700   508.9500   0.417    1562   1562   1562   1562
1563  O   MM    489.8700   505.5400   486.3200  -0.834    1563   1563   1563   1563
1564  H   MM    490.5800   504.9200   486.4800   0.417    1564   1564   1564   1564
1565  H   MM    490.2400   506.1700   485.7000   0.417    1565   1565   1565   1565
1566  O   MM    504.2800   509.8000   509.5200  -0.834    1566   1566   1566   1566
1567  H   MM    504.3000   510.4800   508.8500   0.417    1567   1567   1567   1567
1568  H   MM    503.4400   509.3600   509.4000   0.417    1568   1568   1568   1568
1569  O   MM    491.7800   514.8100   499.7400  -0.834    1569   1569   1569   1569
1570  H   MM    492.6100   514.3600   499.6100   0.417    1570   1570   1570   1570
1571  H   MM    492.0200   515.7000   500.0200   0.417    1571   1571   1571   1571
1572  O   MM    499.1700   505.5600   502.5700  -0.834    1572   1572   1572   1572
1573  H   MM    498.6700   506.0900   503.1900   0.417    1573   1573   1573   1573
1574  H   MM    498.9500   504.6600   502.8000   0.417    1574   1574   1574   1574
1575  O   MM    495.7800   491.9800   490.9600  -0.834    1575   1575   1575   1575
1576  H   MM    495.9100   492.9300   490.9600   0.417    1576   1576   1576   1576
1577  H   MM    496.4700   491.6400   491.5400   0.417    1577   1577   1577   1577
1578  O   MM    494.7000   498.2200   507.3300  -0.834    1578   1578   1578   1578
1579  H   MM    495.0500   498.6600   506.5600   0.417    1579   1579   1579   1579
1580  H   MM    495.3900   498.3000   507.9900   0.417    1580   1580   1580   1580
1581  O   MM    485.0600   500.7900   508.1900  -0.834    1581   1581   1581   1581
1582  H   MM    484.5500   500.4300   507.4600   0.417    1582   1582   1582   1582
1583  H   MM    484.8400   501.7200   508.2000   0.417    1583   1583   1583   1583
1584  O   MM    509.0500   513.8500   497.8700  -0.834    1584   1584   1584   1584
1585  H   MM    509.3400   513.1200   498.4200   0.417    1585   1585   1585   1585
1586  H   MM    509.3400   514.6300   498.3400   0.417    1586   1586   1586   1586
1587  O   MM    510.7700   507.0800   488.9500  -0.834    1587   1587   1587   1587
1588  H   MM    511.2600   506.4100   489.4400   0.417    1588   1588   1588   1588
1589  H   MM    510.4500   506.6100   488.1800   0.417    1589   1589   1589   1589
1590  O   MM    499.4000   493.3900   484.3800  -0.834    1590   1590   1590   1590
1591  H   MM    499.7600   492.5200   484.2000   0.417    1591   1591   1591   1591
1592  H   MM    499.6800   493.5800   485.2700   0.417    1592   1592   1592   1592
1593  O   MM    514.9600   505.9400   502.9700  -0.834    1593   1593   1593   1593
1594  H   MM    515.0500   506.1600   503.8900   0.417    1594   1594   1594   1594
1595  H   MM    515.6200   505.2600   502.8200   0.417    1595   1595   1595   1595
1596  O   MM    491.8800   495.5800   507.4800  -0.834    1596   1596   1596   1596
1597  H   MM    491.8500   496.5300   507.4700   0.417    1597   1597   1597   1597
1598  H   MM    492.7800   495.3600   507.7400   0.417    1598   1598   1598   1598
1599  O   MM    495.6600   495.9300   495.6500  -0.834    1599   1599   1599   1599
1600  H   MM    496.1600   495.1200   495.4800   0.417    1600   1600   1600   1600
1601  H   MM    494.7500   495.6800   495.5000   0.417    1601   1601   1601   1601
1602  O   MM    509.9900   511.9900   499.6600  -0.834    1602   1602   1602   1602
1603  H   MM    510.3600   511.1800   499.3000   0.417    1603   1603   1603   1603
1604  H   MM    510.0300   511.8700   500.6100   0.417    1604   1604   1604   1604
1605  O   MM    495.9800   493.3400   501.6400  -0.834    1605   1605   1605   1605
1606  H   MM    496.2400   493.5800   500.7500   0.417    1606   1606   1606   1606
1607  H   MM    496.4900   493.9200   502.2000   0.417    1607   1607   1607   1607
1608  O   MM    493.2900   511.4900   488.1200  -0.834    1608   1608   1608   1608
1609  H   MM    492.6000   510.8800   487.8700   0.417    1609   1609   1609   1609
1610  H   MM    494.0800   511.1500   487.7000   0.417    1610   1610   1610   1610
1611  O   MM    511.2400   510.9800   502.3100  -0.834    1611   1611   1611   1611
1612  H   MM    511.6000   510.1000   502.2600   0.417    1612   1612   1612   1612
1613  H   MM    510.4600   510.8900   502.8500   0.417    1613   1613   1613   1613
1614  O   MM    501.5500   507.0100   511.1800  -0.834    1614   1614   1614   1614
1615  H   MM    501.5700   507.7100   510.5300   0.417    1615   1615   1615   1615
1616  H   MM    501.1600   506.2700   510.7200   0.417    1616   1616   1616   1616
1617  O   MM    499.9900   503.4700   512.8600  -0.834    1617   1617   1617   1617
1618  H   MM    500.4300   504.0800   513.4500   0.417    1618   1618   1618   1618
1619  H   MM    499.1000   503.8300   512.7700   0.417    1619   1619   1619   1619
1620  O   MM    498.9700   489.6100   510.1500  -0.834    1620   1620   1620   1620
1621  H   MM    498.6300   490.4900   510.0200   0.417    1621   1621   1621   1621
1622  H   MM    499.8700   489.7400   510.4400   0.417    1622   1622   1622   1622
1623  O   MM    484.7500   508.6300   501.0600  -0.834    1623   1623   1623   1623
1624  H   MM    484.5800   509.4500   500.5900   0.417    1624   1624   1624   1624
1625  H   MM    485.6500   508.7200   501.3800   0.417    1625   1625   1625   1625
1626  O   MM    508.2600   504.2600   498.2900  -0.834    1626   1626   1626   1626
1627  H   MM    507.8100   503.4600   498.5700   0.417    1627   1627   1627   1627
1628  H   MM    507.5600   504.8700   498.0700   0.417    1628   1628   1628   1628
1629  O   MM    483.8100   492.6400   502.1100  -0.834    1629   1629   1629   1629
1630  H   MM    483.6700   492.3500   501.2100   0.417    1630   1630   1630   1630
1631  H   MM    484.3800   491.9600   502.5000   0.417    1631   1631   1631   1631
1632  O   MM    511.3400   505.4300   504.0600  -0.834    1632   1632   1632   1632
1633  H   MM    512.0300   505.0100   504.5700   0.417    1633   1633   1633   1633
1634  H   MM    511.6000   505.3000   503.1500   0.417    1634   1634   1634   1634
1635  O   MM    487.8600   500.8400   499.8500  -0.834    1635   1635   1635   1635
1636  H   MM    488.8000   500.8400   499.6700   0.417    1636   1636   1636   1636
1637  H   MM    487.7900   501.0700   500.7800   0.417    1637   1637   1637   1637
1638  O   MM    508.8500   486.1900   498.9500  -0.834    1638   1638   1638   1638
1639  H   MM    508.2600   485.4400   499.0200   0.417    1639   1639   1639   1639
1640  H   MM    508.3000   486.9500   499.1100   0.417    1640   1640   1640   1640
1641  O   MM    512.8500   502.1000   488.1000  -0.834    1641   1641   1641   1641
1642  H   MM    513.2100   502.9600   488.3100   0.417    1642   1642   1642   1642
1643  H   MM    513.0200   501.5700   488.8700   0.417    1643   1643   1643   1643
1644  O   MM    484.1500   499.2600   496.3600  -0.834    1644   1644   1644   1644
1645  H   MM    484.8100   499.4200   497.0400   0.417    1645   1645   1645   1645
1646  H   MM    483.8600   498.3600   496.5100   0.417    1646   1646   1646   1646
1647  O   MM    489.5100   509.9300   496.8300  -0.834    1647   1647   1647   1647
1648  H   MM    489.1400   509.1800   496.3800   0.417    1648   1648   1648   1648
1649  H   MM    489.1900   510.6900   496.3400   0.417    1649   1649   1649   1649
1650  O   MM    494.6500   489.5800   503.5100  -0.834    1650   1650   1650   1650
1651  H   MM    493.7000   489.6200   503.6500   0.417    1651   1651   1651   1651
1652  H   MM    494.7800   489.9200   502.6200   0.417    1652   1652   1652   1652
1653  O   MM    514.2300   501.3600   502.5500  -0.834    1653   1653   1653   1653
1654  H   MM    514.5600   500.4800   502.6900   0.417    1654   1654   1654   1654
1655  H   MM    513.4000   501.3800   503.0300   0.417    1655   1655   1655   1655
1656  O   MM    511.0600   493.4800   509.2100  -0.834    1656   1656   1656   1656
1657  H   MM    511.3000   494.4000   509.1300   0.417    1657   1657   1657   1657
1658  H   MM    510.4900   493.4500   509.9800   0.417    1658   1658   1658   1658
1659  O   MM    516.4600   499.5000   505.0200  -0.834    1659   1659   1659   1659
1660  H   MM    516.9900   498.8900   505.5300   0.417    1660   1660   1660   1660
1661  H   MM    516.1100   500.1100   505.6600   0.417    1661   1661   1661   1661
1662  O   MM    495.9300   511.6400   491.2100  -0.834    1662   1662   1662   1662
1663  H   MM    496.5900   511.7100   490.5200   0.417    1663   1663   1663   1663
1664  H   MM    495.2300   512.2400   490.9400   0.417    1664   1664   1664   1664
1665  O   MM    494.4500   492.1500   512.4700  -0.834    1665   1665   1665   1665
1666  H   MM    493.6800   492.2800   513.0200   0.417    1666   1666   1666   1666
1667  H   MM    494.5000   492.9200   511.9200   0.417    1667   1667   1667   1667
1668  O   MM    513.1500   504.3200   505.8000  -0.834    1668   1668   1668   1668
1669  H   MM    512.3900   504.1100   506.3500   0.417    1669   1669   1669   1669
1670  H   MM    513.6000   503.4800   505.6900   0.417    1670   1670   1670   1670
1671  O   MM    493.2100   491.3600   487.5000  -0.834    1671   1671   1671   1671
1672  H   MM    493.9500   490.9100   487.9000   0.417    1672   1672   1672   1672
1673  H   MM    493.5900   491.8600   486.7800   0.417    1673   1673   1673   1673
1674  O   MM    516.7000   503.9100   502.4000  -0.834    1674   1674   1674   1674
1675  H   MM    517.4700   503.8400   501.8300   0.417    1675   1675   1675   1675
1676  H   MM    516.3000   503.0400   502.3800   0.417    1676   1676   1676   1676
1677  O   MM    494.9400   504.4700   500.7200  -0.834    1677   1677   1677   1677
1678  H   MM    495.2800   505.1800   500.1800   0.417    1678   1678   1678   1678
1679  H   MM    495.0000   503.6900   500.1700   0.417    1679   1679   1679   1679
1680  O   MM    500.6300   495.8100   512.5100  -0.834    1680   1680   1680   1680
1681  H   MM    500.6000   495.9700   511.5700   0.417    1681   1681   1681   1681
1682  H   MM    501.0100   496.6000   512.8800   0.417    1682   1682   1682   1682
1683  O   MM    500.4400   498.5100   490.6900  -0.834    1683   1683   1683   1683
1684  H   MM    500.0000   499.3600   490.6900   0.417    1684   1684   1684   1684
1685  H   MM    500.9400   498.5000   489.8800   0.417    1685   1685   1685   1685
1686  O   MM    489.9200   491.8300   492.8600  -0.834    1686   1686   1686   1686
1687  H   MM    490.3000   491.5200   493.6800   0.417    1687   1687   1687   1687
1688  H   MM    489.8100   492.7700   492.9900   0.417    1688   1688   1688   1688
1689  O   MM    513.1000   499.0200   505.9400  -0.834    1689   1689   1689   1689
1690  H   MM    513.9100   499.4900   506.1700   0.417    1690   1690   1690   1690
1691  H   MM    513.3600   498.4400   505.2300   0.417    1691   1691   1691   1691
1692  O   MM    493.8900   509.4400   504.1200  -0.834    1692   1692   1692   1692
1693  H   MM    493.0000   509.6600   503.8500   0.417    1693   1693   1693   1693
1694  H   MM    493.8900   508.4800   504.1800   0.417    1694   1694   1694   1694
1695  O   MM    510.1200   496.7600   509.5400  -0.834    1695   1695   1695   1695
1696  H   MM    510.7100   496.7700   508.7800   0.417    1696   1696   1696   1696
1697  H   MM    509.3200   497.1900   509.2300   0.417    1697   1697   1697   1697
1698  O   MM    494.6400   516.3900   504.1800  -0.834    1698   1698   1698   1698
1699  H   MM    494.4100   516.9700   503.4500   0.417    1699   1699   1699   1699
1700  H   MM    495.6000   516.4500   504.2400   0.417    1700   1700   1700   1700
1701  O   MM    506.8100   493.4700   487.7400  -0.834    1701   1701   1701   1701
1702  H   MM    506.7400   493.4400   488.6900   0.417    1702   1702   1702   1702
1703  H   MM    507.7500   493.4600   487.5700   0.417    1703   1703   1703   1703
1704  O   MM    491.8200   486.0400   493.5300  -0.834    1704   1704   1704   1704
1705  H   MM    490.9000   485.8500   493.3400   0.417    1705   1705   1705   1705
1706  H   MM    491.9400   486.9600   493.2900   0.417    1706   1706   1706   1706
1707  O   MM    514.2000   502.5100   500.0700  -0.834    1707   1707   1707   1707
1708  H   MM    514.0800   502.0900   500.9300   0.417    1708   1708   1708   1708
1709  H   MM    513.5200   502.1100   499.5200   0.417    1709   1709   1709   1709
1710  O   MM    494.3300   487.5900   495.8000  -0.834    1710   1710   1710   1710
1711  H   MM    494.9000   488.2800   496.1300   0.417    1711   1711   1711   1711
1712  H   MM    493.6900   488.0400   495.2400   0.417    1712   1712   1712   1712
1713  O   MM    511.1700   486.0000   500.4900  -0.834    1713   1713   1713   1713
1714  H   MM    510.3500   486.0500   500.0000   0.417    1714   1714   1714   1714
1715  H   MM    510.9400   485.5400   501.2900   0.417    1715   1715   1715   1715
1716  O   MM    499.7300   484.4100   500.3300  -0.834    1716   1716   1716   1716
1717  H   MM    500.3400   483.7100   500.1000   0.417    1717   1717   1717   1717
1718  H   MM    498.9400   484.2000   499.8300   0.417    1718   1718   1718   1718
1719  O   MM    505.4200   495.7800   487.0900  -0.834    1719   1719   1719   1719
1720  H   MM    505.9200   495.0200   487.4100   0.417    1720   1720   1720   1720
1721  H   MM    505.4100   495.6800   486.1400   0.417    1721   1721   1721   1721
1722  O   MM    508.5600   497.4000   484.4900  -0.834    1722   1722   1722   1722
1723  H   MM    508.9400   497.0300   485.2800   0.417    1723   1723   1723   1723
1724  H   MM    507.7300   497.8000   484.7800   0.417    1724   1724   1724   1724
1725  O   MM    495.4500   490.3600   488.8100  -0.834    1725   1725   1725   1725
1726  H   MM    495.5100   491.0000   489.5200   0.417    1726   1726   1726   1726
1727  H   MM    495.7200   489.5300   489.2000   0.417    1727   1727   1727   1727
1728  O   MM    498.6100   489.9800   496.4900  -0.834    1728   1728   1728   1728
1729  H   MM    499.1800   490.4900   497.0600   0.417    1729   1729   1729   1729
1730  H   MM    499.1900   489.6000   495.8300   0.417    1730   1730   1730   1730
1731  O   MM    498.5700   496.1200   494.4300  -0.834    1731   1731   1731   1731
1732  H   MM    497.7900   496.6200   494.6700   0.417    1732   1732   1732   1732
1733  H   MM    498.2600   495.2200   494.3500   0.417    1733   1733   1733   1733
1734  O   MM    491.0800   495.2800   510.0900  -0.834    1734   1734   1734   1734
1735  H   MM    491.1400   495.3700   509.1300   0.417    1735   1735   1735   1735
1736  H   MM    490.8500   494.3600   510.2300   0.417    1736   1736   1736   1736
1737  O   MM    492.7200   497.8200   500.3500  -0.834    1737   1737   1737   1737
1738  H   MM    492.2500   498.2500   501.0700   0.417    1738   1738   1738   1738
1739  H   MM    493.5500   498.2900   500.2900   0.417    1739   1739   1739   1739
1740  O   MM    499.4500   487.8500   500.7000  -0.834    1740   1740   1740   1740
1741  H   MM    498.7100   488.2800   501.1200   0.417    1741   1741   1741   1741
1742  H   MM    499.1100   487.5700   499.8500   0.417    1742   1742   1742   1742
1743  O   MM    509.7700   511.4600   493.7500  -0.834    1743   1743   1743   1743
1744  H   MM    509.8900   512.1400   494.4200   0.417    1744   1744   1744   1744
1745  H   MM    509.5600   511.9400   492.9500   0.417    1745   1745   1745   1745
1746  O   MM    497.4900   483.4700   498.9800  -0.834    1746   1746   1746   1746
1747  H   MM    497.0900   483.3700   498.1100   0.417    1747   1747   1747   1747
1748  H   MM    496.7500   483.4900   499.5800   0.417    1748   1748   1748   1748
1749  O   MM    490.9500   511.5900   506.4100  -0.834    1749   1749   1749   1749
1750  H   MM    490.1900   511.0100   506.4200   0.417    1750   1750   1750   1750
1751  H   MM    490.6700   512.3600   506.9000   0.417    1751   1751   1751   1751
1752  O   MM    510.8400   493.4300   500.3400  -0.834    1752   1752   1752   1752
1753  H   MM    510.6700   494.3700   500.3000   0.417    1753   1753   1753   1753
1754  H   MM    511.5800   493.3000   499.7500   0.417    1754   1754   1754   1754
1755  O   MM    506.7500   494.5800   499.8400  -0.834    1755   1755   1755   1755
1756  H   MM    506.9100   494.1900   498.9800   0.417    1756   1756   1756   1756
1757  H   MM    506.7500   493.8400   500.4400   0.417    1757   1757   1757   1757
1758  O   MM    504.6500   502.0600   514.0800  -0.834    1758   1758   1758   1758
1759  H   MM    505.5600   502.1400   513.7800   0.417    1759   1759   1759   1759
1760  H   MM    504.1800   502.7400   513.5900   0.417    1760   1760   1760   1760
1761  O   MM    491.9300   506.0300   489.6800  -0.834    1761   1761   1761   1761
1762  H   MM    491.8600   505.0900   489.5500   0.417    1762   1762   1762   1762
1763  H   MM    491.3600   506.2200   490.4200   0.417    1763   1763   1763   1763
1764  O   MM    488.4900   491.3600   501.1400  -0.834    1764   1764   1764   1764
1765  H   MM    488.5400   491.8300   501.9700   0.417    1765   1765   1765   1765
1766  H   MM    488.9500   490.5300   501.3100   0.417    1766   1766   1766   1766
1767  O   MM    503.7200   504.9100   515.6300  -0.834    1767   1767   1767   1767
1768  H   MM    503.8000   504.1400   516.1900   0.417    1768   1768   1768   1768
1769  H   MM    504.5700   505.3400   515.6800   0.417    1769   1769   1769   1769
1770  O   MM    496.9500   494.1800   483.5500  -0.834    1770   1770   1770   1770
1771  H   MM    496.8000   493.6100   482.7900   0.417    1771   1771   1771   1771
1772  H   MM    497.8000   493.9100   483.8900   0.417    1772   1772   1772   1772
1773  O   MM    500.1500   504.6000   483.4600  -0.834    1773   1773   1773   1773
1774  H   MM    499.2800   504.8900   483.2000   0.417    1774   1774   1774   1774
1775  H   MM    500.5800   505.3900   483.7800   0.417    1775   1775   1775   1775
1776  O   MM    497.9700   515.3500   497.3400  -0.834    1776   1776   1776   1776
1777  H   MM    497.8400   514.4200   497.1200   0.417    1777   1777   1777   1777
1778  H   MM    497.9300   515.8000   496.4900   0.417    1778   1778   1778   1778
1779  O   MM    487.7400   500.4400   508.7700  -0.834    1779   1779   1779   1779
1780  H   MM    488.1200   501.2500   509.1000   0.417    1780   1780   1780   1780
1781  H   MM    486.8100   500.6600   508.6200   0.417    1781   1781   1781   1781
1782  O   MM    493.8600   490.7000   492.6600  -0.834    1782   1782   1782   1782
1783  H   MM    493.8400   491.2200   493.4600   0.417    1783   1783   1783   1783
1784  H   MM    494.1700   491.3100   491.9900   0.417    1784   1784   1784   1784
1785  O   MM    507.2000   492.7000   502.5000  -0.834    1785   1785   1785   1785
1786  H   MM    507.3700   493.5500   502.9000   0.417    1786   1786   1786   1786
1787  H   MM    508.0700   492.3200   502.3600   0.417    1787   1787   1787   1787
1788  O   MM    497.3400   486.4300   497.5000  -0.834    1788   1788   1788   1788
1789  H   MM    496.8600   486.8700   496.7900   0.417    1789   1789   1789   1789
1790  H   MM    496.6700   485.9200   497.9600   0.417    1790   1790   1790   1790
1791  O   MM    513.7500   504.4700   489.1100  -0.834    1791   1791   1791   1791
1792  H   MM    513.0400   504.6900   489.7100   0.417    1792   1792   1792   1792
1793  H   MM    514.3500   505.2100   489.1700   0.417    1793   1793   1793   1793
1794  O   MM    498.2500   500.7100   514.7600  -0.834    1794   1794   1794   1794
1795  H   MM    497.5900   501.2400   514.3200   0.417    1795   1795   1795   1795
1796  H   MM    497.9700   499.8100   514.6200   0.417    1796   1796   1796   1796
1797  O   MM    510.4800   505.7800   497.5200  -0.834    1797   1797   1797   1797
1798  H   MM    511.2300   505.2100   497.7000   0.417    1798   1798   1798   1798
1799  H   MM    509.7100   505.2400   497.7100   0.417    1799   1799   1799   1799
1800  O   MM    494.7700   502.3100   507.1900  -0.834    1800   1800   1800   1800
1801  H   MM    495.2300   502.8700   506.5700   0.417    1801   1801   1801   1801
1802  H   MM    494.2400   501.7300   506.6400   0.417    1802   1802   1802   1802
1803  O   MM    511.5200   509.4100   492.9800  -0.834    1803   1803   1803   1803
1804  H   MM    512.2700   509.5000   493.5700   0.417    1804   1804   1804   1804
1805  H   MM    510.8900   510.0500   493.2900   0.417    1805   1805   1805   1805
1806  O   MM    489.9500   495.3300   505.5400  -0.834    1806   1806   1806   1806
1807  H   MM    490.6700   495.2200   506.1600   0.417    1807   1807   1807   1807
1808  H   MM    489.1600   495.3000   506.0900   0.417    1808   1808   1808   1808
1809  O   MM    512.0500   496.2700   507.5300  -0.834    1809   1809   1809   1809
1810  H   MM    512.8800   495.8300   507.6800   0.417    1810   1810   1810   1810
1811  H   MM    512.2700   497.0500   507.0300   0.417    1811   1811   1811   1811
1812  O   MM    488.0700   492.7700   507.8600  -0.834    1812   1812   1812   1812
1813  H   MM    487.1700   492.4600   507.9700   0.417    1813   1813   1813   1813
1814  H   MM    487.9800   493.7100   507.7000   0.417    1814   1814   1814   1814
1815  O   MM    504.1300   515.1300   507.7800  -0.834    1815   1815   1815   1815
1816  H   MM    505.0000   514.8800   507.4800   0.417    1816   1816   1816   1816
1817  H   MM    504.0500   514.7300   508.6500   0.417    1817   1817   1817   1817
1818  O   MM    502.7800   483.4200   501.8700  -0.834    1818   1818   1818   1818
1819  H   MM    502.7500   484.3300   501.5900   0.417    1819   1819   1819   1819
1820  H   MM    502.5200   482.9200   501.0900   0.417    1820   1820   1820   1820
1821  O   MM    495.3500   490.7400   501.0100  -0.834    1821   1821   1821   1821
1822  H   MM    495.4500   490.9000   500.0700   0.417    1822   1822   1822   1822
1823  H   MM    495.5700   491.5800   501.4200   0.417    1823   1823   1823   1823
1824  O   MM    504.7800   505.0500   500.2200  -0.834    1824   1824   1824   1824
1825  H   MM    504.1000   504.6600   500.7700   0.417    1825   1825   1825   1825
1826  H   MM    505.5100   505.2300   500.8100   0.417    1826   1826   1826   1826
1827  O   MM    495.5600   503.3500   511.9600  -0.834    1827   1827   1827   1827
1828  H   MM    495.9000   503.3700   511.0700   0.417    1828   1828   1828   1828
1829  H   MM    494.8700   502.6900   511.9400   0.417    1829   1829   1829   1829
1830  O   MM    504.3500   506.9200   484.2800  -0.834    1830   1830   1830   1830
1831  H   MM    503.5700   506.6300   484.7500   0.417    1831   1831   1831   1831
1832  H   MM    504.1700   507.8400   484.0700   0.417    1832   1832   1832   1832
1833  O   MM    501.3500   505.2500   514.3500  -0.834    1833   1833   1833   1833
1834  H   MM    502.1500   505.1200   514.8600   0.417    1834   1834   1834   1834
1835  H   MM    500.9600   506.0500   514.7000   0.417    1835   1835   1835   1835
1836  O   MM    502.7000   491.9300   489.8600  -0.834    1836   1836   1836   1836
1837  H   MM    503.1500   492.7600   489.9900   0.417    1837   1837   1837   1837
1838  H   MM    503.3900   491.3200   489.5900   0.417    1838   1838   1838   1838
1839  O   MM    505.6100   497.4800   513.1800  -0.834    1839   1839   1839   1839
1840  H   MM    505.6100   496.5300   513.2200   0.417    1840   1840   1840   1840
1841  H   MM    505.7900   497.7600   514.0800   0.417    1841   1841   1841   1841
1842  O   MM    502.6700   490.5700   513.8700  -0.834    1842   1842   1842   1842
1843  H   MM    502.6500   489.6300   514.0400   0.417    1843   1843   1843   1843
1844  H   MM    501.7600   490.8500   513.9700   0.417    1844   1844   1844   1844
1845  O   MM    507.5900   487.1400   491.5600  -0.834    1845   1845   1845   1845
1846  H   MM    508.3200   487.3500   492.1300   0.417    1846   1846   1846   1846
1847  H   MM    507.1500   486.4000   491.9800   0.417    1847   1847   1847   1847
1848  O   MM    503.3900   515.4500   492.2100  -0.834    1848   1848   1848   1848
1849  H   MM    502.5100   515.8300   492.1900   0.417    1849   1849   1849   1849
1850  H   MM    503.4000   514.9100   492.9900   0.417    1850   1850   1850   1850
1851  O   MM    490.8400   503.7000   497.1200  -0.834    1851   1851   1851   1851
1852  H   MM    490.4200   504.5100   496.8400   0.417    1852   1852   1852   1852
1853  H   MM    491.7800   503.9000   497.1200   0.417    1853   1853   1853   1853
1854  O   MM    493.8000   501.3900   509.6100  -0.834    1854   1854   1854   1854
1855  H   MM    494.0500   501.7800   508.7700   0.417    1855   1855   1855   1855
1856  H   MM    494.4800   500.7200   509.7700   0.417    1856   1856   1856   1856
1857  O   MM    507.0700   510.3000   497.1700  -0.834    1857   1857   1857   1857
1858  H   MM    507.7200   509.7400   497.5900   0.417    1858   1858   1858   1858
1859  H   MM    506.7900   509.8100   496.4000   0.417    1859   1859   1859   1859
1860  O   MM    486.1900   490.3600   495.5100  -0.834    1860   1860   1860   1860
1861  H   MM    485.8000   491.2100   495.2900   0.417    1861   1861   1861   1861
1862  H   MM    485.8600   490.1700   496.3900   0.417    1862   1862   1862   1862
1863  O   MM    495.1700   495.6200   505.1600  -0.834    1863   1863   1863   1863
1864  H   MM    494.7500   496.3400   505.6300   0.417    1864   1864   1864   1864
1865  H   MM    495.0100   495.8100   504.2400   0.417    1865   1865   1865   1865
1866  O   MM    497.2800   510.1900   514.4700  -0.834    1866   1866   1866   1866
1867  H   MM    496.7000   510.7500   514.9800   0.417    1867   1867   1867   1867
1868  H   MM    497.0000   509.3000   514.6700   0.417    1868   1868   1868   1868
1869  O   MM    485.4500   504.4600   493.0600  -0.834    1869   1869   1869   1869
1870  H   MM    484.9800   503.6800   493.3400   0.417    1870   1870   1870   1870
1871  H   MM    485.2100   505.1300   493.7000   0.417    1871   1871   1871   1871
1872  O   MM    491.9900   499.2400   487.8300  -0.834    1872   1872   1872   1872
1873  H   MM    491.2200   498.6800   487.7600   0.417    1873   1873   1873   1873
1874  H   MM    492.6600   498.6800   488.2300   0.417    1874   1874   1874   1874
1875  O   MM    509.4700   496.4900   487.0400  -0.834    1875   1875   1875   1875
1876  H   MM    510.2800   497.0100   487.0100   0.417    1876   1876   1876   1876
1877  H   MM    509.7600   495.5800   487.0300   0.417    1877   1877   1877   1877
1878  O   MM    492.1700   507.5800   509.9000  -0.834    1878   1878   1878   1878
1879  H   MM    492.9500   507.2900   510.3600   0.417    1879   1879   1879   1879
1880  H   MM    492.5000   508.0200   509.1200   0.417    1880   1880   1880   1880
1881  O   MM    483.8300   504.7200   497.1600  -0.834    1881   1881   1881   1881
1882  H   MM    484.1900   505.3200   497.8200   0.417    1882   1882   1882   1882
1883  H   MM    483.3800   504.0400   497.6600   0.417    1883   1883   1883   1883
1884  O   MM    491.7900   507.7400   501.4500  -0.834    1884   1884   1884   1884
1885  H   MM    492.6900   507.7300   501.1000   0.417    1885   1885   1885   1885
1886  H   MM    491.2500   507.9900   500.7000   0.417    1886   1886   1886   1886
1887  O   MM    506.5900   497.7400   515.7600  -0.834    1887   1887   1887   1887
1888  H   MM    507.3200   497.1700   515.5400   0.417    1888   1888   1888   1888
1889  H   MM    506.9600   498.6100   515.8000   0.417    1889   1889   1889   1889
1890  O   MM    506.6900   514.2300   506.7900  -0.834    1890   1890   1890   1890
1891  H   MM    507.0900   514.9500   506.3000   0.417    1891   1891   1891   1891
1892  H   MM    507.0700   513.4400   506.4100   0.417    1892   1892   1892   1892
1893  O   MM    496.9800   503.7800   485.7000  -0.834    1893   1893   1893   1893
1894  H   MM    496.6100   504.5300   486.1700   0.417    1894   1894   1894   1894
1895  H   MM    496.9300   503.0600   486.3200   0.417    1895   1895   1895   1895
1896  O   MM    508.7400   497.9400   506.0200  -0.834    1896   1896   1896   1896
1897  H   MM    508.7100   496.9900   505.9200   0.417    1897   1897   1897   1897
1898  H   MM    508.7600   498.2800   505.1300   0.417    1898   1898   1898   1898
1899  O   MM    506.4800   492.5600   509.7400  -0.834    1899   1899   1899   1899
1900  H   MM    505.7500   493.1700   509.9300   0.417    1900   1900   1900   1900
1901  H   MM    507.0300   492.6100   510.5200   0.417    1901   1901   1901   1901
1902  O   MM    516.6700   503.0900   495.6600  -0.834    1902   1902   1902   1902
1903  H   MM    516.5000   502.7800   494.7700   0.417    1903   1903   1903   1903
1904  H   MM    516.1200   503.8700   495.7400   0.417    1904   1904   1904   1904
1905  O   MM    503.5800   490.7300   496.1600  -0.834    1905   1905   1905   1905
1906  H   MM    503.2500   490.7700   495.2600   0.417    1906   1906   1906   1906
1907  H   MM    503.1900   489.9300   496.5200   0.417    1907   1907   1907   1907
1908  O   MM    502.5300   507.3600   490.8700  -0.834    1908   1908   1908   1908
1909  H   MM    502.1400   507.4700   491.7400   0.417    1909   1909   1909   1909
1910  H   MM    503.3800   506.9600   491.0400   0.417    1910   1910   1910   1910
1911  O   MM    497.4200   495.4400   509.5200  -0.834    1911   1911   1911   1911
1912  H   MM    498.2500   495.1500   509.1500   0.417    1912   1912   1912   1912
1913  H   MM    497.3600   494.9800   510.3600   0.417    1913   1913   1913   1913
1914  O   MM    510.5800   502.7800   486.6700  -0.834    1914   1914   1914   1914
1915  H   MM    511.4500   502.5900   487.0400   0.417    1915   1915   1915   1915
1916  H   MM    509.9900   502.2000   487.1500   0.417    1916   1916   1916   1916
1917  O   MM    504.8900   492.1600   513.4200  -0.834    1917   1917   1917   1917
1918  H   MM    504.0600   491.7400   513.6500   0.417    1918   1918   1918   1918
1919  H   MM    505.3800   491.4900   512.9500   0.417    1919   1919   1919   1919
1920  O   MM    501.1200   494.2600   516.2500  -0.834    1920   1920   1920   1920
1921  H   MM    501.8500   493.6700   516.4700   0.417    1921   1921   1921   1921
1922  H   MM    501.4500   495.1300   516.4900   0.417    1922   1922   1922   1922
1923  O   MM    495.3500   503.0600   503.0500  -0.834    1923   1923   1923   1923
1924  H   MM    495.1600   503.5300   502.2400   0.417    1924   1924   1924   1924
1925  H   MM    494.4900   502.8100   503.3900   0.417    1925   1925   1925   1925
1926  O   MM    487.0400   506.8800   492.0000  -0.834    1926   1926   1926   1926
1927  H   MM    487.2300   506.0700   491.5300   0.417    1927   1927   1927   1927
1928  H   MM    486.3400   506.6400   492.6200   0.417    1928   1928   1928   1928
1929  O   MM    512.5900   496.6400   503.9500  -0.834    1929   1929   1929   1929
1930  H   MM    512.0100   497.3700   503.7300   0.417    1930   1930   1930   1930
1931  H   MM    512.0000   495.9300   504.2200   0.417    1931   1931   1931   1931
1932  O   MM    497.4700   494.1900   511.9500  -0.834    1932   1932   1932   1932
1933  H   MM    496.8000   494.7600   512.3400   0.417    1933   1933   1933   1933
1934  H   MM    497.8400   493.7100   512.6900   0.417    1934   1934   1934   1934
1935  O   MM    503.4000   493.6700   483.9500  -0.834    1935   1935   1935   1935
1936  H   MM    504.2600   493.5500   484.3600   0.417    1936   1936   1936   1936
1937  H   MM    502.9400   492.8400   484.1100   0.417    1937   1937   1937   1937
1938  O   MM    503.7900   488.5500   509.8600  -0.834    1938   1938   1938   1938
1939  H   MM    504.0900   487.6600   509.6600   0.417    1939   1939   1939   1939
1940  H   MM    504.5900   489.0700   509.8900   0.417    1940   1940   1940   1940
1941  O   MM    498.6500   501.0100   507.8800  -0.834    1941   1941   1941   1941
1942  H   MM    498.2900   501.7300   507.3700   0.417    1942   1942   1942   1942
1943  H   MM    499.5100   500.8400   507.4900   0.417    1943   1943   1943   1943
1944  O   MM    487.9600   504.0100   487.4900  -0.834    1944   1944   1944   1944
1945  H   MM    488.5900   504.6100   487.0900   0.417    1945   1945   1945   1945
1946  H   MM    487.9600   503.2400   486.9100   0.417    1946   1946   1946   1946
1947  O   MM    499.5100   493.8500   514.1200  -0.834    1947   1947   1947   1947
1948  H   MM    499.8100   494.5400   513.5200   0.417    1948   1948   1948   1948
1949  H   MM    500.0400   493.9700   514.9100   0.417    1949   1949   1949   1949
1950  O   MM    484.8800   506.2000   495.0300  -0.834    1950   1950   1950   1950
1951  H   MM    484.9800   507.0900   495.3600   0.417    1951   1951   1951   1951
1952  H   MM    484.4200   505.7300   495.7200   0.417    1952   1952   1952   1952
1953  O   MM    504.7500   516.8100   500.8700  -0.834    1953   1953   1953   1953
1954  H   MM    504.5000   516.2800   501.6300   0.417    1954   1954   1954   1954
1955  H   MM    505.4200   517.4100   501.2000   0.417    1955   1955   1955   1955
1956  O   MM    504.0400   494.1300   509.9400  -0.834    1956   1956   1956   1956
1957  H   MM    503.1100   494.1800   510.1500   0.417    1957   1957   1957   1957
1958  H   MM    504.3600   495.0300   510.0200   0.417    1958   1958   1958   1958
1959  O   MM    511.5900   501.6000   503.6100  -0.834    1959   1959   1959   1959
1960  H   MM    511.3600   502.2800   502.9800   0.417    1960   1960   1960   1960
1961  H   MM    510.7400   501.2800   503.9300   0.417    1961   1961   1961   1961
1962  O   MM    503.2400   510.8800   499.2400  -0.834    1962   1962   1962   1962
1963  H   MM    503.0500   510.1800   499.8700   0.417    1963   1963   1963   1963
1964  H   MM    502.6400   511.5800   499.4700   0.417    1964   1964   1964   1964
1965  O   MM    505.7600   495.7300   484.4300  -0.834    1965   1965   1965   1965
1966  H   MM    505.5500   496.4700   483.8500   0.417    1966   1966   1966   1966
1967  H   MM    506.3700   495.1900   483.9200   0.417    1967   1967   1967   1967
1968  O   MM    496.3500   503.7100   509.3400  -0.834    1968   1968   1968   1968
1969  H   MM    495.6500   504.3500   509.2000   0.417    1969   1969   1969   1969
1970  H   MM    496.3200   503.1700   508.5500   0.417    1970   1970   1970   1970
1971  O   MM    501.2200   496.3200   493.6100  -0.834    1971   1971   1971   1971
1972  H   MM    500.2800   496.3300   493.8000   0.417    1972   1972   1972   1972
1973  H   MM    501.3400   495.5700   493.0200   0.417    1973   1973   1973   1973
1974  O   MM    499.2500   504.9500   491.6600  -0.834    1974   1974   1974   1974
1975  H   MM    498.7400   504.5200   492.3500   0.417    1975   1975   1975   1975
1976  H   MM    500.0600   505.2300   492.0900   0.417    1976   1976   1976   1976
1977  O   MM    500.0000   491.9500   490.2000  -0.834    1977   1977   1977   1977
1978  H   MM    500.9300   491.9800   489.9900   0.417    1978   1978   1978   1978
1979  H   MM    499.7400   491.0500   490.0100   0.417    1979   1979   1979   1979
1980  O   MM    494.2700   485.0800   506.2800  -0.834    1980   1980   1980   1980
1981  H   MM    494.6700   484.7600   507.0900   0.417    1981   1981   1981   1981
1982  H   MM    494.7600   484.6500   505.5800   0.417    1982   1982   1982   1982
1983  O   MM    489.8000   506.3300   509.3300  -0.834    1983   1983   1983   1983
1984  H   MM    489.6100   505.8300   510.1300   0.417    1984   1984   1984   1984
1985  H   MM    490.6400   506.7600   509.5100   0.417    1985   1985   1985   1985
1986  O   MM    486.4900   510.0600   494.9000  -0.834    1986   1986   1986   1986
1987  H   MM    486.9500   509.2500   494.6800   0.417    1987   1987   1987   1987
1988  H   MM    487.1500   510.7400   494.8100   0.417    1988   1988   1988   1988
1989  O   MM    489.1300   488.2600   506.3300  -0.834    1989   1989   1989   1989
1990  H   MM    489.9600   487.7800   506.3700   0.417    1990   1990   1990   1990
1991  H   MM    489.0900   488.7400   507.1600   0.417    1991   1991   1991   1991
1992  O   MM    515.7100   502.0900   493.1400  -0.834    1992   1992   1992   1992
1993  H   MM    516.2300   502.6200   492.5300   0.417    1993   1993   1993   1993
1994  H   MM    514.9300   501.8600   492.6400   0.417    1994   1994   1994   1994
1995  O   MM    490.5000   501.1500   499.1700  -0.834    1995   1995   1995   1995
1996  H   MM    490.5800   501.2100   498.2200   0.417    1996   1996   1996   1996
1997  H   MM    490.7600   502.0200   499.4900   0.417    1997   1997   1997   1997
1998  O   MM    489.4900   495.3300   490.8300  -0.834    1998   1998   1998   1998
1999  H   MM    490.1000   495.6700   490.1800   0.417    1999   1999   1999   1999
2000  H   MM    489.1500   494.5300   490.4500   0.417    2000   2000   2000   2000
2001  O   MM    491.9300   498.2700   507.4900  -0.834    2001   2001   2001   2001
2002  H   MM    491.5700   498.8900   508.1300   0.417    2002   2002   2002   2002
2003  H   MM    492.8700   498.4600   507.4800   0.417    2003   2003   2003   2003
2004  O   MM    506.7500   492.4500   505.3900  -0.834    2004   2004   2004   2004
2005  H   MM    506.2000   491.7400   505.7000   0.417    2005   2005   2005   2005
2006  H   MM    506.8700   492.2700   504.4600   0.417    2006   2006   2006   2006
2007  O   MM    484.9700   506.2400   499.6100  -0.834    2007   2007   2007   2007
2008  H   MM    484.8700   507.1400   499.9200   0.417    2008   2008   2008   2008
2009  H   MM    484.7800   505.7000   500.3900   0.417    2009   2009   2009   2009
2010  O   MM    500.1500   491.1800   493.1900  -0.834    2010   2010   2010   2010
2011  H   MM    500.5000   491.1000   492.3000   0.417    2011   2011   2011   2011
2012  H   MM    499.2000   491.0600   493.0800   0.417    2012   2012   2012   2012
2013  O   MM    489.6600   498.6200   511.2500  -0.834    2013   2013   2013   2013
2014  H   MM    489.8400   497.9000   511.8500   0.417    2014   2014   2014   2014
2015  H   MM    489.8800   499.4100   511.7400   0.417    2015   2015   2015   2015
2016  O   MM    497.2600   483.8900   506.4900  -0.834    2016   2016   2016   2016
2017  H   MM    497.0400   483.6400   505.6000   0.417    2017   2017   2017   2017
2018  H   MM    498.2100   483.9300   506.5100   0.417    2018   2018   2018   2018
2019  O   MM    495.4800   505.6000   487.3300  -0.834    2019   2019   2019   2019
2020  H   MM    495.0200   506.3700   487.6700   0.417    2020   2020   2020   2020
2021  H   MM    495.4800   504.9800   488.0500   0.417    2021   2021   2021   2021
2022  O   MM    486.3300   507.8500   504.5100  -0.834    2022   2022   2022   2022
2023  H   MM    486.3100   507.5800   505.4300   0.417    2023   2023   2023   2023
2024  H   MM    485.5200   507.5000   504.1400   0.417    2024   2024   2024   2024
2025  O   MM    515.2000   498.7800   502.7300  -0.834    2025   2025   2025   2025
2026  H   MM    515.6700   498.9600   503.5400   0.417    2026   2026   2026   2026
2027  H   MM    515.8700   498.7900   502.0500   0.417    2027   2027   2027   2027
2028  O   MM    498.7100   491.5200   500.5000  -0.834    2028   2028   2028   2028
2029  H   MM    498.6500   490.7700   501.0900   0.417    2029   2029   2029   2029
2030  H   MM    499.1000   491.1600   499.7000   0.417    2030   2030   2030   2030
2031  O   MM    509.4600   500.9800   495.8700  -0.834    2031   2031   2031   2031
2032  H   MM    510.3200   501.0000   495.4600   0.417    2032   2032   2032   2032
2033  H   MM    509.0200   501.7700   495.5500   0.417    2033   2033   2033   2033
2034  O   MM    494.5000   495.5500   508.4900  -0.834    2034   2034   2034   2034
2035  H   MM    495.3900   495.2100   508.4400   0.417    2035   2035   2035   2035
2036  H   MM    494.5800   496.4700   508.2300   0.417    2036   2036   2036   2036
2037  O   MM    500.9500   501.0900   514.3000  -0.834    2037   2037   2037   2037
2038  H   MM    501.3500   501.6800   514.9400   0.417    2038   2038   2038   2038
2039  H   MM    500.0400   501.0000   514.5800   0.417    2039   2039   2039   2039
2040  O   MM    505.7700   505.3000   490.3200  -0.834    2040   2040   2040   2040
2041  H   MM    506.3600   504.5700   490.1400   0.417    2041   2041   2041   2041
2042  H   MM    504.9000   504.9600   490.1400   0.417    2042   2042   2042   2042
2043  O   MM    493.4500   494.5000   500.8900  -0.834    2043   2043   2043   2043
2044  H   MM    492.5900   494.3600   501.2700   0.417    2044   2044   2044   2044
2045  H   MM    494.0300   493.8900   501.3600   0.417    2045   2045   2045   2045
2046  O   MM    492.2100   503.3000   510.8000  -0.834    2046   2046   2046   2046
2047  H   MM    492.5600   504.1000   510.4200   0.417    2047   2047   2047   2047
2048  H   MM    492.6900   502.6000   510.3800   0.417    2048   2048   2048   2048
2049  O   MM    500.5700   488.8800   494.5700  -0.834    2049   2049   2049   2049
2050  H   MM    500.4500   489.7000   494.0900   0.417    2050   2050   2050   2050
2051  H   MM    501.5000   488.6700   494.4500   0.417    2051   2051   2051   2051
2052  O   MM    498.4800   496.9100   485.5300  -0.834    2052   2052   2052   2052
2053  H   MM    499.0900   497.6100   485.3000   0.417    2053   2053   2053   2053
2054  H   MM    498.6800   496.2100   484.9200   0.417    2054   2054   2054   2054
2055  O   MM    507.0800   502.8800   490.0900  -0.834    2055   2055   2055   2055
2056  H   MM    506.4800   502.4300   489.4900   0.417    2056   2056   2056   2056
2057  H   MM    507.0500   502.3500   490.8900   0.417    2057   2057   2057   2057
2058  O   MM    483.7400   495.2000   503.1700  -0.834    2058   2058   2058   2058
2059  H   MM    483.5100   494.3400   502.8100   0.417    2059   2059   2059   2059
2060  H   MM    484.6900   495.1800   503.2300   0.417    2060   2060   2060   2060
2061  O   MM    500.8100   491.1300   485.5600  -0.834    2061   2061   2061   2061
2062  H   MM    500.7200   491.8600   486.1800   0.417    2062   2062   2062   2062
2063  H   MM    501.4700   490.5600   485.9600   0.417    2063   2063   2063   2063
2064  O   MM    489.0200   493.2100   489.1200  -0.834    2064   2064   2064   2064
2065  H   MM    489.0600   493.4100   488.1800   0.417    2065   2065   2065   2065
2066  H   MM    489.7900   492.6600   489.2700   0.417    2066   2066   2066   2066
2067  O   MM    486.7800   489.1300   498.9700  -0.834    2067   2067   2067   2067
2068  H   MM    487.3700   488.8500   499.6700   0.417    2068   2068   2068   2068
2069  H   MM    486.4500   489.9800   499.2500   0.417    2069   2069   2069   2069
2070  O   MM    509.0100   497.5000   489.6000  -0.834    2070   2070   2070   2070
2071  H   MM    508.7900   496.7500   490.1700   0.417    2071   2071   2071   2071
2072  H   MM    509.0300   497.1300   488.7200   0.417    2072   2072   2072   2072
2073  O   MM    494.2700   501.6100   496.2700  -0.834    2073   2073   2073   2073
2074  H   MM    494.1100   501.5100   495.3300   0.417    2074   2074   2074   2074
2075  H   MM    493.9400   500.7900   496.6500   0.417    2075   2075   2075   2075
2076  O   MM    501.9000   482.7100   499.2600  -0.834    2076   2076   2076   2076
2077  H   MM    502.2800   481.8700   499.0200   0.417    2077   2077   2077   2077
2078  H   MM    502.1900   483.3100   498.5700   0.417    2078   2078   2078   2078
2079  O   MM    513.1400   488.3500   498.5600  -0.834    2079   2079   2079   2079
2080  H   MM    513.2600   487.8000   499.3300   0.417    2080   2080   2080   2080
2081  H   MM    512.4400   488.9600   498.8000   0.417    2081   2081   2081   2081
2082  O   MM    500.7400   512.9600   491.8400  -0.834    2082   2082   2082   2082
2083  H   MM    500.8400   512.1600   491.3300   0.417    2083   2083   2083   2083
2084  H   MM    499.8400   512.9300   492.1600   0.417    2084   2084   2084   2084
2085  O   MM    501.6400   502.0900   517.1800  -0.834    2085   2085   2085   2085
2086  H   MM    502.3600   501.5500   516.8800   0.417    2086   2086   2086   2086
2087  H   MM    501.4700   501.7900   518.0800   0.417    2087   2087   2087   2087
2088  O   MM    486.3000   499.3700   498.1300  -0.834    2088   2088   2088   2088
2089  H   MM    486.7300   499.8400   498.8400   0.417    2089   2089   2089   2089
2090  H   MM    486.4000   498.4400   498.3700   0.417    2090   2090   2090   2090
2091  O   MM    494.8600   506.0900   484.7100  -0.834    2091   2091   2091   2091
2092  H   MM    495.1000   505.9100   485.6200   0.417    2092   2092   2092   2092
2093  H   MM    494.5900   507.0100   484.7100   0.417    2093   2093   2093   2093
2094  O   MM    515.2000   506.0300   494.0400  -0.834    2094   2094   2094   2094
2095  H   MM    514.2600   505.9200   493.9100   0.417    2095   2095   2095   2095
2096  H   MM    515.4400   506.7800   493.5000   0.417    2096   2096   2096   2096
2097  O   MM    506.0700   490.8400   498.9000  -0.834    2097   2097   2097   2097
2098  H   MM    505.1700   491.0700   499.1100   0.417    2098   2098   2098   2098
2099  H   MM    506.1800   491.1100   497.9900   0.417    2099   2099   2099   2099
2100  O   MM    492.1100   489.6600   507.0600  -0.834    2100   2100   2100   2100
2101  H   MM    492.9700   490.0600   507.1000   0.417    2101   2101   2101   2101
2102  H   MM    491.8600   489.5300   507.9700   0.417    2102   2102   2102   2102
2103  O   MM    516.4700   499.7100   497.1300  -0.834    2103   2103   2103   2103
2104  H   MM    516.5500   500.3400   497.8500   0.417    2104   2104   2104   2104
2105  H   MM    516.8500   498.9000   497.4700   0.417    2105   2105   2105   2105
2106  O   MM    503.9200   498.5800   508.3300  -0.834    2106   2106   2106   2106
2107  H   MM    503.2100   497.9600   508.1500   0.417    2107   2107   2107   2107
2108  H   MM    504.2900   498.2900   509.1600   0.417    2108   2108   2108   2108
2109  O   MM    486.2800   501.8700   505.3400  -0.834    2109   2109   2109   2109
2110  H   MM    486.2600   502.4100   506.1400   0.417    2110   2110   2110   2110
2111  H   MM    485.8300   501.0700   505.5800   0.417    2111   2111   2111   2111
2112  O   MM    505.6000   508.3700   499.9800  -0.834    2112   2112   2112   2112
2113  H   MM    504.9100   507.7500   499.7500   0.417    2113   2113   2113   2113
2114  H   MM    505.9000   508.7200   499.1400   0.417    2114   2114   2114   2114
2115  O   MM    505.0200   496.8900   510.5000  -0.834    2115   2115   2115   2115
2116  H   MM    505.9400   496.9200   510.2500   0.417    2116   2116   2116   2116
2117  H   MM    505.0000   497.2700   511.3800   0.417    2117   2117   2117   2117
2118  O   MM    498.1000   502.9900   503.2900  -0.834    2118   2118   2118   2118
2119  H   MM    498.4200   502.6300   502.4700   0.417    2119   2119   2119   2119
2120  H   MM    497.1500   502.9700   503.2100   0.417    2120   2120   2120   2120
2121  O   MM    491.7500   494.0100   513.7000  -0.834    2121   2121   2121   2121
2122  H   MM    490.9900   493.4400   513.8300   0.417    2122   2122   2122   2122
2123  H   MM    491.4000   494.8000   513.3000   0.417    2123   2123   2123   2123
2124  O   MM    504.3000   498.2000   488.4300  -0.834    2124   2124   2124   2124
2125  H   MM    504.4100   497.3700   487.9600   0.417    2125   2125   2125   2125
2126  H   MM    504.9000   498.8000   488.0000   0.417    2126   2126   2126   2126
2127  O   MM    502.6800   504.1900   495.8800  -0.834    2127   2127   2127   2127
2128  H   MM    503.6100   503.9700   495.7700   0.417    2128   2128   2128   2128
2129  H   MM    502.2100   503.5000   495.4100   0.417    2129   2129   2129   2129
2130  O   MM    505.8700   511.7500   499.1800  -0.834    2130   2130   2130   2130
2131  H   MM    504.9600   511.4500   499.0800   0.417    2131   2131   2131   2131
2132  H   MM    506.3500   511.2900   498.4900   0.417    2132   2132   2132   2132
2133  O   MM    497.2400   499.3300   482.4200  -0.834    2133   2133   2133   2133
2134  H   MM    496.5100   498.7700   482.1600   0.417    2134   2134   2134   2134
2135  H   MM    496.8300   500.1200   482.7500   0.417    2135   2135   2135   2135
2136  O   MM    487.7700   500.5800   492.3300  -0.834    2136   2136   2136   2136
2137  H   MM    487.2400   500.8700   491.5900   0.417    2137   2137   2137   2137
2138  H   MM    487.1600   500.5400   493.0600   0.417    2138   2138   2138   2138
2139  O   MM    507.0100   484.9800   505.7600  -0.834    2139   2139   2139   2139
2140  H   MM    506.8800   485.8100   506.2300   0.417    2140   2140   2140   2140
2141  H   MM    507.9600   484.8600   505.7400   0.417    2141   2141   2141   2141
2142  O   MM    515.9400   506.3600   496.6700  -0.834    2142   2142   2142   2142
2143  H   MM    515.4400   505.6100   497.0000   0.417    2143   2143   2143   2143
2144  H   MM    515.8400   506.3100   495.7200   0.417    2144   2144   2144   2144
2145  O   MM    505.5300   497.0300   491.5300  -0.834    2145   2145   2145   2145
2146  H   MM    505.0000   497.4500   492.2000   0.417    2146   2146   2146   2146
2147  H   MM    505.3200   497.5000   490.7300   0.417    2147   2147   2147   2147
2148  O   MM    495.4600   496.0100   484.8800  -0.834    2148   2148   2148   2148
2149  H   MM    496.0900   496.6000   485.2900   0.417    2149   2149   2149   2149
2150  H   MM    495.9900   495.4200   484.3400   0.417    2150   2150   2150   2150
2151  O   MM    502.9300   509.5000   502.0300  -0.834    2151   2151   2151   2151
2152  H   MM    502.7000   509.6000   502.9600   0.417    2152   2152   2152   2152
2153  H   MM    503.8800   509.5600   502.0100   0.417    2153   2153   2153   2153
2154  O   MM    493.9300   492.1700   495.0300  -0.834    2154   2154   2154   2154
2155  H   MM    493.6600   493.0900   495.0400   0.417    2155   2155   2155   2155
2156  H   MM    493.4500   491.7700   495.7600   0.417    2156   2156   2156   2156
2157  O   MM    510.9300   503.7700   501.4300  -0.834    2157   2157   2157   2157
2158  H   MM    510.8600   504.7200   501.3200   0.417    2158   2158   2158   2158
2159  H   MM    510.6800   503.4100   500.5800   0.417    2159   2159   2159   2159
2160  O   MM    504.8300   485.5600   492.0800  -0.834    2160   2160   2160   2160
2161  H   MM    504.1800   484.9100   491.7900   0.417    2161   2161   2161   2161
2162  H   MM    504.5100   485.8500   492.9300   0.417    2162   2162   2162   2162
2163  O   MM    513.9700   489.7000   496.3000  -0.834    2163   2163   2163   2163
2164  H   MM    513.1600   489.4800   495.8500   0.417    2164   2164   2164   2164
2165  H   MM    513.9300   489.2200   497.1300   0.417    2165   2165   2165   2165
2166  O   MM    508.1600   499.6700   491.0500  -0.834    2166   2166   2166   2166
2167  H   MM    507.9300   499.2500   491.8800   0.417    2167   2167   2167   2167
2168  H   MM    508.4800   498.9600   490.5000   0.417    2168   2168   2168   2168
2169  O   MM    494.9500   494.6200   498.5800  -0.834    2169   2169   2169   2169
2170  H   MM    494.3200   494.6700   499.3000   0.417    2170   2170   2170   2170
2171  H   MM    495.0600   495.5200   498.2800   0.417    2171   2171   2171   2171
2172  O   MM    503.9600   513.6400   490.1600  -0.834    2172   2172   2172   2172
2173  H   MM    504.9000   513.5600   490.3000   0.417    2173   2173   2173   2173
2174  H   MM    503.6800   514.3300   490.7600   0.417    2174   2174   2174   2174
2175  O   MM    490.8600   506.9600   513.0300  -0.834    2175   2175   2175   2175
2176  H   MM    490.5100   507.8400   512.9400   0.417    2176   2176   2176   2176
2177  H   MM    490.2200   506.4000   512.5800   0.417    2177   2177   2177   2177
2178  O   MM    512.1200   492.1600   494.8100  -0.834    2178   2178   2178   2178
2179  H   MM    511.5700   491.5300   495.2800   0.417    2179   2179   2179   2179
2180  H   MM    511.5600   492.4900   494.1000   0.417    2180   2180   2180   2180
2181  O   MM    513.0100   502.6400   510.6000  -0.834    2181   2181   2181   2181
2182  H   MM    513.0600   501.9000   509.9900   0.417    2182   2182   2182   2182
2183  H   MM    513.9200   502.7800   510.8800   0.417    2183   2183   2183   2183
2184  O   MM    498.4800   507.1800   500.2600  -0.834    2184   2184   2184   2184
2185  H   MM    499.3600   507.1000   499.9000   0.417    2185   2185   2185   2185
2186  H   MM    498.4100   506.4800   500.9000   0.417    2186   2186   2186   2186
2187  O   MM    486.9900   512.1800   499.0300  -0.834    2187   2187   2187   2187
2188  H   MM    487.8900   512.4200   499.2100   0.417    2188   2188   2188   2188
2189  H   MM    487.0400   511.3000   498.6500   0.417    2189   2189   2189   2189
2190  O   MM    510.7300   506.5000   501.2700  -0.834    2190   2190   2190   2190
2191  H   MM    511.4400   507.1100   501.4900   0.417    2191   2191   2191   2191
2192  H   MM    509.9500   507.0500   501.2100   0.417    2192   2192   2192   2192
2193  O   MM    501.1700   513.1700   511.3000  -0.834    2193   2193   2193   2193
2194  H   MM    500.4200   513.2100   511.9000   0.417    2194   2194   2194   2194
2195  H   MM    501.6400   512.3800   511.5600   0.417    2195   2195   2195   2195
2196  O   MM    508.3800   499.9100   486.8300  -0.834    2196   2196   2196   2196
2197  H   MM    508.4900   499.6500   487.7400   0.417    2197   2197   2197   2197
2198  H   MM    507.6600   499.3600   486.5000   0.417    2198   2198   2198   2198
2199  O   MM    500.4900   487.4200   503.2000  -0.834    2199   2199   2199   2199
2200  H   MM    500.2300   487.6700   502.3200   0.417    2200   2200   2200   2200
2201  H   MM    500.2100   488.1600   503.7500   0.417    2201   2201   2201   2201
2202  O   MM    486.5500   500.9600   502.7300  -0.834    2202   2202   2202   2202
2203  H   MM    486.7900   500.0400   502.8200   0.417    2203   2203   2203   2203
2204  H   MM    486.5800   501.3100   503.6200   0.417    2204   2204   2204   2204
2205  O   MM    486.4300   494.6800   503.5100  -0.834    2205   2205   2205   2205
2206  H   MM    486.2100   494.2200   504.3200   0.417    2206   2206   2206   2206
2207  H   MM    487.1000   494.1300   503.1000   0.417    2207   2207   2207   2207
2208  O   MM    506.6000   501.6800   492.6400  -0.834    2208   2208   2208   2208
2209  H   MM    506.1000   501.0900   492.0800   0.417    2209   2209   2209   2209
2210  H   MM    507.3500   501.1600   492.9200   0.417    2210   2210   2210   2210
2211  O   MM    507.5700   514.5500   500.5200  -0.834    2211   2211   2211   2211
2212  H   MM    507.1100   515.0400   499.8300   0.417    2212   2212   2212   2212
2213  H   MM    507.5600   513.6500   500.2200   0.417    2213   2213   2213   2213
2214  O   MM    491.8300   489.0300   510.3000  -0.834    2214   2214   2214   2214
2215  H   MM    491.3400   489.3500   511.0600   0.417    2215   2215   2215   2215
2216  H   MM    492.6900   489.4400   510.3700   0.417    2216   2216   2216   2216
2217  O   MM    494.3200   494.7600   488.2200  -0.834    2217   2217   2217   2217
2218  H   MM    494.1000   494.4400   487.3500   0.417    2218   2218   2218   2218
2219  H   MM    495.2700   494.6100   488.3000   0.417    2219   2219   2219   2219
2220  O   MM    488.9900   490.8800   498.2900  -0.834    2220   2220   2220   2220
2221  H   MM    488.5200   490.0500   498.3800   0.417    2221   2221   2221   2221
2222  H   MM    489.1000   491.1900   499.1900   0.417    2222   2222   2222   2222
2223  O   MM    504.5300   487.3300   500.4100  -0.834    2223   2223   2223   2223
2224  H   MM    503.8200   486.7300   500.1800   0.417    2224   2224   2224   2224
2225  H   MM    504.6100   487.2500   501.3600   0.417    2225   2225   2225   2225
2226  O   MM    507.9800   508.6600   501.8200  -0.834    2226   2226   2226   2226
2227  H   MM    507.9100   508.6400   500.8600   0.417    2227   2227   2227   2227
2228  H   MM    507.0900   508.7900   502.1300   0.417    2228   2228   2228   2228
2229  O   MM    508.7400   507.6000   511.3900  -0.834    2229   2229   2229   2229
2230  H   MM    509.1900   508.4300   511.2400   0.417    2230   2230   2230   2230
2231  H   MM    507.9300   507.6700   510.8900   0.417    2231   2231   2231   2231
2232  O   MM    505.2000   503.6700   504.5200  -0.834    2232   2232   2232   2232
2233  H   MM    505.5200   503.2900   503.7000   0.417    2233   2233   2233   2233
2234  H   MM    505.7100   504.4700   504.6400   0.417    2234   2234   2234   2234
2235  O   MM    487.8300   495.4600   507.3800  -0.834    2235   2235   2235   2235
2236  H   MM    487.1200   495.8600   506.8800   0.417    2236   2236   2236   2236
2237  H   MM    488.1200   496.1400   507.9800   0.417    2237   2237   2237   2237
2238  O   MM    496.0100   506.1800   497.4000  -0.834    2238   2238   2238   2238
2239  H   MM    496.9400   506.3700   497.3200   0.417    2239   2239   2239   2239
2240  H   MM    495.5700   506.9300   497.0100   0.417    2240   2240   2240   2240
2241  O   MM    500.8000   514.1500   495.7900  -0.834    2241   2241   2241   2241
2242  H   MM    501.4100   513.9600   496.5000   0.417    2242   2242   2242   2242
2243  H   MM    499.9600   513.8200   496.1000   0.417    2243   2243   2243   2243
2244  O   MM    513.6600   491.4200   501.5400  -0.834    2244   2244   2244   2244
2245  H   MM    514.5500   491.7500   501.6700   0.417    2245   2245   2245   2245
2246  H   MM    513.3300   491.9200   500.7900   0.417    2246   2246   2246   2246
2247  O   MM    500.1500   505.5100   496.4300  -0.834    2247   2247   2247   2247
2248  H   MM    501.0500   505.3400   496.1600   0.417    2248   2248   2248   2248
2249  H   MM    500.1400   505.3300   497.3700   0.417    2249   2249   2249   2249
2250  O   MM    511.3000   509.6800   498.8400  -0.834    2250   2250   2250   2250
2251  H   MM    512.0800   509.7200   499.4000   0.417    2251   2251   2251   2251
2252  H   MM    511.6000   509.2400   498.0500   0.417    2252   2252   2252   2252
2253  O   MM    491.2800   491.7200   489.3900  -0.834    2253   2253   2253   2253
2254  H   MM    491.0400   490.9400   489.8800   0.417    2254   2254   2254   2254
2255  H   MM    491.9500   491.4300   488.7700   0.417    2255   2255   2255   2255
2256  O   MM    492.0900   503.8000   500.6100  -0.834    2256   2256   2256   2256
2257  H   MM    492.8000   504.4300   500.6300   0.417    2257   2257   2257   2257
2258  H   MM    491.9700   503.5300   501.5300   0.417    2258   2258   2258   2258
2259  O   MM    503.3900   503.9600   489.9600  -0.834    2259   2259   2259   2259
2260  H   MM    502.6100   503.9200   489.4100   0.417    2260   2260   2260   2260
2261  H   MM    503.0700   504.2000   490.8200   0.417    2261   2261   2261   2261
2262  O   MM    502.4800   509.8900   505.6400  -0.834    2262   2262   2262   2262
2263  H   MM    501.7900   510.0300   506.2800   0.417    2263   2263   2263   2263
2264  H   MM    502.8000   510.7700   505.4300   0.417    2264   2264   2264   2264
2265  O   MM    513.5000   501.4300   491.7300  -0.834    2265   2265   2265   2265
2266  H   MM    513.3500   500.4900   491.6800   0.417    2266   2266   2266   2266
2267  H   MM    512.6500   501.8200   491.5300   0.417    2267   2267   2267   2267
2268  O   MM    487.1900   505.5300   502.0900  -0.834    2268   2268   2268   2268
2269  H   MM    487.1000   506.4800   502.1700   0.417    2269   2269   2269   2269
2270  H   MM    487.9300   505.4100   501.4900   0.417    2270   2270   2270   2270
2271  O   MM    500.4500   493.8400   510.1100  -0.834    2271   2271   2271   2271
2272  H   MM    500.0900   493.8800   510.9900   0.417    2272   2272   2272   2272
2273  H   MM    499.8300   493.3100   509.6200   0.417    2273   2273   2273   2273
2274  O   MM    514.7600   495.0200   507.5400  -0.834    2274   2274   2274   2274
2275  H   MM    514.5300   494.1300   507.7900   0.417    2275   2275   2275   2275
2276  H   MM    515.3600   494.9100   506.8000   0.417    2276   2276   2276   2276
2277  O   MM    502.8300   508.9600   513.9500  -0.834    2277   2277   2277   2277
2278  H   MM    502.7600   508.1300   513.4800   0.417    2278   2278   2278   2278
2279  H   MM    503.7600   509.0700   514.1300   0.417    2279   2279   2279   2279
2280  O   MM    495.3300   507.7800   507.6400  -0.834    2280   2280   2280   2280
2281  H   MM    494.5000   508.2500   507.4800   0.417    2281   2281   2281   2281
2282  H   MM    495.8200   508.3600   508.2300   0.417    2282   2282   2282   2282
2283  O   MM    492.8300   494.6900   495.1200  -0.834    2283   2283   2283   2283
2284  H   MM    492.5500   495.1400   494.3200   0.417    2284   2284   2284   2284
2285  H   MM    492.0100   494.4000   495.5300   0.417    2285   2285   2285   2285
2286  O   MM    498.9500   510.9600   509.3500  -0.834    2286   2286   2286   2286
2287  H   MM    498.5800   511.8000   509.6200   0.417    2287   2287   2287   2287
2288  H   MM    499.3100   510.5800   510.1500   0.417    2288   2288   2288   2288
2289  O   MM    492.7700   512.7200   504.0700  -0.834    2289   2289   2289   2289
2290  H   MM    493.2800   512.3700   504.8100   0.417    2290   2290   2290   2290
2291  H   MM    492.0800   512.0800   503.9400   0.417    2291   2291   2291   2291
2292  O   MM    512.1900   492.4100   505.6200  -0.834    2292   2292   2292   2292
2293  H   MM    511.6700   493.1100   505.2200   0.417    2293   2293   2293   2293
2294  H   MM    512.6500   492.0100   504.8900   0.417    2294   2294   2294   2294
2295  O   MM    490.2700   506.3500   504.1700  -0.834    2295   2295   2295   2295
2296  H   MM    490.6600   506.4700   503.3000   0.417    2296   2296   2296   2296
2297  H   MM    489.7600   505.5400   504.1000   0.417    2297   2297   2297   2297
2298  O   MM    507.6800   504.8500   492.6200  -0.834    2298   2298   2298   2298
2299  H   MM    507.6200   505.4500   491.8800   0.417    2299   2299   2299   2299
2300  H   MM    507.0800   504.1400   492.4100   0.417    2300   2300   2300   2300
2301  O   MM    502.2700   496.7300   516.8000  -0.834    2301   2301   2301   2301
2302  H   MM    502.8000   496.5000   516.0400   0.417    2302   2302   2302   2302
2303  H   MM    502.8800   497.1200   517.4200   0.417    2303   2303   2303   2303
2304  O   MM    491.6900   485.3700   497.2600  -0.834    2304   2304   2304   2304
2305  H   MM    491.4700   485.5200   496.3400   0.417    2305   2305   2305   2305
2306  H   MM    492.0600   484.4900   497.2800   0.417    2306   2306   2306   2306
2307  O   MM    495.6600   498.0700   498.4100  -0.834    2307   2307   2307   2307
2308  H   MM    496.2600   497.5900   498.9800   0.417    2308   2308   2308   2308
2309  H   MM    496.1100   498.1100   497.5700   0.417    2309   2309   2309   2309
2310  O   MM    503.6100   491.8300   508.2400  -0.834    2310   2310   2310   2310
2311  H   MM    503.9400   492.5400   508.8000   0.417    2311   2311   2311   2311
2312  H   MM    502.6600   491.8600   508.3500   0.417    2312   2312   2312   2312
2313  O   MM    502.3400   496.7300   486.1900  -0.834    2313   2313   2313   2313
2314  H   MM    502.8100   496.1600   485.5900   0.417    2314   2314   2314   2314
2315  H   MM    502.1700   496.1900   486.9600   0.417    2315   2315   2315   2315
2316  O   MM    501.7800   507.7700   493.4800  -0.834    2316   2316   2316   2316
2317  H   MM    502.5700   507.7600   494.0200   0.417    2317   2317   2317   2317
2318  H   MM    501.1900   508.3900   493.9300   0.417    2318   2318   2318   2318
2319  O   MM    491.7000   509.2900   487.5300  -0.834    2319   2319   2319   2319
2320  H   MM    490.9300   508.7500   487.6900   0.417    2320   2320   2320   2320
2321  H   MM    492.4400   508.6900   487.6400   0.417    2321   2321   2321   2321
2322  O   MM    498.6900   504.9100   510.2500  -0.834    2322   2322   2322   2322
2323  H   MM    498.4800   505.6600   510.8000   0.417    2323   2323   2323   2323
2324  H   MM    497.8400   504.5900   509.9400   0.417    2324   2324   2324   2324
2325  O   MM    500.2000   491.4800   498.1000  -0.834    2325   2325   2325   2325
2326  H   MM    501.1400   491.5500   498.2900   0.417    2326   2326   2326   2326
2327  H   MM    499.9600   492.3300   497.7400   0.417    2327   2327   2327   2327
2328  O   MM    512.1000   490.0700   491.8100  -0.834    2328   2328   2328   2328
2329  H   MM    512.7100   489.6000   492.3700   0.417    2329   2329   2329   2329
2330  H   MM    512.5100   490.9300   491.6800   0.417    2330   2330   2330   2330
2331  O   MM    509.7700   491.8300   502.2900  -0.834    2331   2331   2331   2331
2332  H   MM    510.1800   492.2700   501.5500   0.417    2332   2332   2332   2332
2333  H   MM    510.0400   490.9200   502.2100   0.417    2333   2333   2333   2333
2334  O   MM    513.8100   506.2100   508.8100  -0.834    2334   2334   2334   2334
2335  H   MM    513.2000   505.4700   508.7800   0.417    2335   2335   2335   2335
2336  H   MM    513.6300   506.6400   509.6400   0.417    2336   2336   2336   2336
2337  O   MM    499.2000   501.9400   500.9300  -0.834    2337   2337   2337   2337
2338  H   MM    498.4400   501.5700   500.4700   0.417    2338   2338   2338   2338
2339  H   MM    499.6400   501.1700   501.3000   0.417    2339   2339   2339   2339
2340  O   MM    494.7500   507.3200   511.6500  -0.834    2340   2340   2340   2340
2341  H   MM    495.5300   507.1300   512.1700   0.417    2341   2341   2341   2341
2342  H   MM    494.5500   508.2300   511.8400   0.417    2342   2342   2342   2342
2343  O   MM    511.7600   505.2000   490.7700  -0.834    2343   2343   2343   2343
2344  H   MM    510.9500   504.7100   490.6300   0.417    2344   2344   2344   2344
2345  H   MM    511.8000   505.3100   491.7200   0.417    2345   2345   2345   2345
2346  O   MM    507.2900   502.0900   513.1200  -0.834    2346   2346   2346   2346
2347  H   MM    507.0300   502.7700   512.5100   0.417    2347   2347   2347   2347
2348  H   MM    507.9500   501.5800   512.6400   0.417    2348   2348   2348   2348
2349  O   MM    497.9400   505.7300   494.7000  -0.834    2349   2349   2349   2349
2350  H   MM    497.8300   504.8200   494.4200   0.417    2350   2350   2350   2350
2351  H   MM    498.7300   505.7200   495.2400   0.417    2351   2351   2351   2351
2352  O   MM    488.2700   489.2800   494.1300  -0.834    2352   2352   2352   2352
2353  H   MM    488.8800   490.0200   494.0700   0.417    2353   2353   2353   2353
2354  H   MM    487.4600   489.6600   494.4600   0.417    2354   2354   2354   2354
2355  O   MM    506.4500   511.0100   511.0000  -0.834    2355   2355   2355   2355
2356  H   MM    505.7700   510.5700   510.4900   0.417    2356   2356   2356   2356
2357  H   MM    506.9300   511.5300   510.3600   0.417    2357   2357   2357   2357
2358  O   MM    498.7300   484.9500   502.9000  -0.834    2358   2358   2358   2358
2359  H   MM    499.1100   484.8400   502.0300   0.417    2359   2359   2359   2359
2360  H   MM    498.6900   485.9000   503.0300   0.417    2360   2360   2360   2360
2361  O   MM    500.1000   492.7000   504.9000  -0.834    2361   2361   2361   2361
2362  H   MM    500.1700   493.0700   504.0100   0.417    2362   2362   2362   2362
2363  H   MM    499.3900   493.2000   505.3000   0.417    2363   2363   2363   2363
2364  O   MM    508.4400   507.3700   504.8100  -0.834    2364   2364   2364   2364
2365  H   MM    508.2400   507.3000   503.8700   0.417    2365   2365   2365   2365
2366  H   MM    509.3800   507.5400   504.8400   0.417    2366   2366   2366   2366
2367  O   MM    488.3900   513.1700   502.4100  -0.834    2367   2367   2367   2367
2368  H   MM    487.4400   513.0800   502.3800   0.417    2368   2368   2368   2368
2369  H   MM    488.6000   513.1200   503.3400   0.417    2369   2369   2369   2369
2370  O   MM    485.5200   490.5900   502.8700  -0.834    2370   2370   2370   2370
2371  H   MM    486.2000   490.2100   503.4300   0.417    2371   2371   2371   2371
2372  H   MM    485.7000   490.2300   502.0000   0.417    2372   2372   2372   2372
2373  O   MM    511.0200   508.0200   504.9400  -0.834    2373   2373   2373   2373
2374  H   MM    511.8600   508.5000   504.9300   0.417    2374   2374   2374   2374
2375  H   MM    511.2500   507.1300   504.6600   0.417    2375   2375   2375   2375
2376  O   MM    502.4900   500.2000   482.5800  -0.834    2376   2376   2376   2376
2377  H   MM    502.7300   500.5200   481.7100   0.417    2377   2377   2377   2377
2378  H   MM    501.5300   500.2000   482.5800   0.417    2378   2378   2378   2378
2379  O   MM    492.6300   507.5000   498.2100  -0.834    2379   2379   2379   2379
2380  H   MM    492.3000   506.9500   497.5000   0.417    2380   2380   2380   2380
2381  H   MM    491.8500   507.8700   498.6200   0.417    2381   2381   2381   2381
2382  O   MM    499.3100   500.8000   486.6100  -0.834    2382   2382   2382   2382
2383  H   MM    499.6900   501.6200   486.3100   0.417    2383   2383   2383   2383
2384  H   MM    499.7900   500.1200   486.1400   0.417    2384   2384   2384   2384
2385  O   MM    509.1900   503.6500   494.6500  -0.834    2385   2385   2385   2385
2386  H   MM    508.6600   503.8600   493.8800   0.417    2386   2386   2386   2386
2387  H   MM    509.6200   504.4700   494.8800   0.417    2387   2387   2387   2387
2388  O   MM    503.7100   504.9200   486.5900  -0.834    2388   2388   2388   2388
2389  H   MM    504.6100   504.6100   486.6200   0.417    2389   2389   2389   2389
2390  H   MM    503.2500   504.2500   486.0800   0.417    2390   2390   2390   2390
2391  O   MM    484.2400   492.9900   497.7400  -0.834    2391   2391   2391   2391
2392  H   MM    484.8300   492.4400   498.2500   0.417    2392   2392   2392   2392
2393  H   MM    484.5800   492.9500   496.8500   0.417    2393   2393   2393   2393
2394  O   MM    493.9800   500.8900   486.6500  -0.834    2394   2394   2394   2394
2395  H   MM    493.6600   501.4500   485.9400   0.417    2395   2395   2395   2395
2396  H   MM    493.1900   500.4700   487.0000   0.417    2396   2396   2396   2396
2397  O   MM    497.0200   493.6100   494.9900  -0.834    2397   2397   2397   2397
2398  H   MM    496.3000   492.9900   494.8600   0.417    2398   2398   2398   2398
2399  H   MM    497.7200   493.0800   495.3900   0.417    2399   2399   2399   2399
2400  O   MM    508.6800   501.4400   503.9700  -0.834    2400   2400   2400   2400
2401  H   MM    508.3000   501.0300   503.1900   0.417    2401   2401   2401   2401
2402  H   MM    508.6500   502.3800   503.7800   0.417    2402   2402   2402   2402
2403  O   MM    505.8800   495.2300   507.1600  -0.834    2403   2403   2403   2403
2404  H   MM    506.8200   495.3600   507.2700   0.417    2404   2404   2404   2404
2405  H   MM    505.7600   494.2900   507.2600   0.417    2405   2405   2405   2405
2406  O   MM    504.5700   486.6100   497.1600  -0.834    2406   2406   2406   2406
2407  H   MM    505.3000   487.0700   497.5700   0.417    2407   2407   2407   2407
2408  H   MM    503.9200   487.2900   497.0100   0.417    2408   2408   2408   2408
2409  O   MM    504.8900   500.4900   503.0800  -0.834    2409   2409   2409   2409
2410  H   MM    504.6600   499.8800   502.3800   0.417    2410   2410   2410   2410
2411  H   MM    505.2700   499.9500   503.7700   0.417    2411   2411   2411   2411
2412  O   MM    496.6300   498.7700   495.5500  -0.548    2412   2412   2412   2412
2413  C   MM    497.3604   499.7593   495.0208   0.411    2413   2413   2413   2413
2414  O   MM    496.9300   500.5100   494.1300  -0.395    2414   2414   2414   2414
2415  C   MM    498.7701   499.8798   495.5803   0.043    2415   2415   2415   2415
2416  N   MM    499.7400   500.0900   494.4700  -0.962    2416   2416   2416   2416
2417  C   MM    498.8000   501.0600   496.5800  -0.157    2417   2417   2417   2417
2418  C   MM    500.1300   501.1800   497.3200  -0.272    2418   2418   2418   2418
2422  H   MM    495.7700   498.6800   495.0400   0.453    2419   2422   2422   2419
2423  H   MM    499.0200   498.9300   496.1200   0.145    2420   2423   2423   2420
2424  H   MM    499.9900   499.1800   494.0400   0.394    2421   2424   2424   2421
2425  H   MM    499.2500   500.6300   493.7300   0.394    2422   2425   2425   2422
2426  H   MM    498.6100   502.0000   496.0100   0.124    2423   2426   2426   2423
2427  H   MM    497.9700   500.9400   497.3200   0.124    2424   2427   2427   2424
2428  H   MM    500.1700   502.1400   497.8900   0.132    2425   2428   2428   2425
2429  H   MM    500.9900   501.2100   496.6100   0.132    2426   2429   2429   2426
2431  O   MM    500.0200   493.7900   500.1700  -0.494    2427   2431   2431   2427
2432  C   MM    500.6796   494.1807   501.2692   0.365    2428   2432   2432   2428
2433  O   MM    500.3800   493.8000   502.3700  -0.401    2429   2433   2433   2429
2434  C   MM    501.8799   495.1102   500.9697   0.009    2430   2434   2434   2430
2435  N   MM    501.9700   495.7000   499.6500  -0.773    2431   2435   2435   2431
2436  C   MM    501.9800   496.1300   502.1200  -0.138    2432   2436   2436   2432
2437  C   MM    503.1700   497.0900   502.0500  -0.230    2433   2437   2437   2433
2441  H   MM    499.3800   493.0300   500.4300   0.409    2434   2441   2441   2434
2442  H   MM    502.7600   494.4100   501.0800   0.117    2435   2442   2442   2435
2443  H   MM    501.7900   495.0000   498.9000   0.319    2436   2443   2443   2436
2444  H   MM    501.3100   496.5000   499.5500   0.319    2437   2444   2444   2437
2445  H   MM    501.0300   496.7300   502.1700   0.087    2438   2445   2445   2438
2446  H   MM    502.0200   495.5600   503.0800   0.087    2439   2446   2446   2439
2447  H   MM    503.3900   497.4700   503.0800   0.073    2440   2447   2447   2440
2448  H   MM    504.1100   496.5800   501.7300   0.073    2441   2448   2448   2441
2449  Na  MM    500.9600   501.4400   511.9300   1.000    2442   2449   2449   2442

